編號,土地位置,土地移轉面積平方公尺,使用分區或編定,權利人持分分母,權利人持分分子,移轉情形,地號
The serial number, land position,land shifting area square meter,the use zoning or compiles and checks,,,,land parcel
RPQNMLPKNHIGFAP98DB,水碓西段,98.04,非都市：一般農業區 ; 非都市編定：甲種建築用地,1,1,全筆移轉,03270046
RPQNMLPKNHIGFAP98DB,水碓西段,34.04,非都市：一般農業區 ; 非都市編定：甲種建築用地,22,1,持分移轉,03270056
RPPNMLQKNHIGFCP09CB,下湳段,128.00,非都市：鄉村區 ; 非都市編定：乙種建築用地,1,1,全筆移轉,04880009
RPPNMLMKNHIGFCP68CB,崙北段,102.33,都市：住,1,1,全筆移轉,08950015
RPPNMLPKNHIGFAP88DB,保長廍段保長廍小段,55.00,非都市：鄉村區 ; 非都市編定：乙種建築用地,1,1,全筆移轉,14680015
RPPNMLPKNHIGFAP88DB,保長廍段保長廍小段,21.44,非都市：鄉村區 ; 非都市編定：乙種建築用地,9,1,持分移轉,14680023
RPPNMLRKNHIGFCP56CB,西榮段,85.41,非都市：鄉村區 ; 非都市編定：乙種建築用地,1,1,全筆移轉,06770020
RPPNMLRKNHIGFCP56CB,西榮段,25.62,非都市：鄉村區 ; 非都市編定：乙種建築用地,16,1,持分移轉,06770000
RPPNMLQKNHIGFAP88CB,林頭段,22.64,都市：住,51900,2264,持分移轉,17550000
RPPNMLQKNHIGFAP88CB,林頭段,5.80,都市：住,13300,580,持分移轉,17540000
RPPNMLQKNHIGFAP88CB,林頭段,10.51,都市：住,24100,1051,持分移轉,17520000
RPQNMLSKNHIGFAP56CB,石榴段,85.15,非都市：一般農業區 ; 非都市編定：甲種建築用地,1,1,全筆移轉,03210031
RPPNMLSKNHIGFAP09CB,石榴段,85.25,非都市：一般農業區 ; 非都市編定：甲種建築用地,1,1,全筆移轉,03210030
RPPNMLLLNHIGFAP48CB,雲林溪段,12.17,都市：商,202785,1217,持分移轉,01590000
RPPNMLPKNHIGFDP09CB,高南段,71.90,都市：住,1,1,全筆移轉,03170008
RPPNMLPKNHIGFDP09CB,高南段,19.31,都市：住,1,1,全筆移轉,03170009
RPPNMLPKNHIGFDP09CB,高南段,51.48,都市：住,4,1,持分移轉,03170000
RPRNMLNLNHIGFBP98CB,僑真段,38.60,非都市：特定農業區 ; 非都市編定：甲種建築用地,100000,2684,持分移轉,07680000
RPRNMLNLNHIGFDP56CB,高南段,27.47,都市：住,100000,943,持分移轉,02600000
RPTNMLNLNHIGFDP76CB,高南段,27.47,都市：住,100000,943,持分移轉,02600000
RPPNMLOLNHIGFAP88DB,水碓西段,87.55,非都市：一般農業區 ; 非都市編定：甲種建築用地,1,1,全筆移轉,03270036
RPPNMLOLNHIGFAP88DB,水碓西段,34.04,非都市：一般農業區 ; 非都市編定：甲種建築用地,22,1,持分移轉,03270056
RPPNMLPLNHIGFCP09CB,漢南段,101.20,都市：住,1,1,全筆移轉,01470003
RPPNMLPLNHIGFDP56CB,興南段,31.69,非都市：鄉村區 ; 非都市編定：乙種建築用地,10000,218,持分移轉,01750000
RPQNMLOLNHIGFDP56CB,菜園段,116.00,都市：住,1,1,全筆移轉,07810015
RPQNMLPLNHIGFAP98CB,三平段,27.85,都市：住,10000,135,持分移轉,00220000
RPPNMLPLNHIGFAP88CB,西華段,.06,都市：住,33,1,持分移轉,01750036
RPPNMLPLNHIGFAP88CB,西華段,.48,都市：住,33,1,持分移轉,01750037
RPPNMLPLNHIGFAP88CB,西華段,196.00,都市：住,1,1,全筆移轉,01750027
RPPNMLPLNHIGFAP88CB,西華段,22.25,都市：住,4,1,持分移轉,01750028
RPPNMLPLNHIGFAP88CB,西華段,52.00,都市：農,1,1,全筆移轉,01740000
RPRNMLPLNHIGFAP09CB,林頭段,24.28,都市：住,51900,2428,持分移轉,17550000
RPRNMLPLNHIGFAP09CB,林頭段,6.22,都市：住,13300,622,持分移轉,17540000
RPRNMLPLNHIGFAP09CB,林頭段,11.28,都市：住,24100,1128,持分移轉,17520000
RPPNMLRLNHIGFCP66CB,漢南段,102.09,都市：住,1,1,全筆移轉,01470039
RPPNMLQLNHIGFAP98CB,九芎段,71.00,非都市：鄉村區 ; 非都市編定：乙種建築用地,1,1,全筆移轉,03050003
RPRNMLQLNHIGFAP56CB,黃厝段,33.77,非都市：鄉村區 ; 非都市編定：乙種建築用地,100000,6654,持分移轉,05920000
RPQNMLSLNHIGFAP76DB,八德段,105.96,非都市：一般農業區 ; 非都市編定：甲種建築用地,1,1,全筆移轉,01580040
RPQNMLSLNHIGFAP76DB,八德段,20.65,非都市：一般農業區 ; 非都市編定：甲種建築用地,45,1,持分移轉,01580063
RPPNMLTLNHIGFAP66CB,雲林溪段,15.12,都市：商,202785,1512,持分移轉,01590000
RPPNMLSLNHIGFAP66DB,八德段,65.16,非都市：一般農業區 ; 非都市編定：甲種建築用地,1,1,全筆移轉,01580012
RPPNMLSLNHIGFAP66DB,八德段,20.65,非都市：一般農業區 ; 非都市編定：甲種建築用地,45,1,持分移轉,01580063
RPSNMLQLNHIGFAP66CB,雲林溪段,15.12,都市：商,202785,1512,持分移轉,01590000
RPPNMLKMNHIGFAP48CB,科加段,19.31,非都市：工業區 ; 非都市編定：丁種建築用地,10000,48,持分移轉,00060000
RPPNMLKMNHIGFAP48CB,科加段,1.88,非都市：工業區 ; 非都市編定：丁種建築用地,100000,383,持分移轉,00060002
RPPNMLKMNHIGFCP68CB,西螺段,34.79,都市：住,10000,654,持分移轉,09010001
RPPNMLKMNHIGFCP68CB,西螺段,4.29,都市：住,10000,176,持分移轉,09010002
RPQNMLKMNHIGFCP78CB,西螺段,17.99,都市：住,10000,319,持分移轉,09010000
RPQNMLKMNHIGFCP78CB,西螺段,10.53,都市：住,10000,319,持分移轉,09010003
RPQNMLKMNHIGFCP78CB,西螺段,17.48,都市：住,10000,319,持分移轉,09000051
RPQNMLKMNHIGFCP78CB,西螺段,5.69,都市：住,10000,233,持分移轉,09010002
RPPNMLKMNHIGFFP09DB,橋頭段,19.81,非都市：鄉村區 ; 非都市編定：乙種建築用地,100000,965,持分移轉,12360000
RPPNMLKMNHIGFFP09DB,橋頭段,.07,非都市：鄉村區 ; 非都市編定：乙種建築用地,100000,965,持分移轉,12360011
RPPNMLKMNHIGFFP09DB,橋頭段,4.13,非都市：鄉村區 ; 非都市編定：乙種建築用地,106200,493,持分移轉,12360007
RPQNMLKMNHIGFFP56DB,橋頭段,21.56,非都市：鄉村區 ; 非都市編定：乙種建築用地,100000,1050,持分移轉,12360000
RPQNMLKMNHIGFFP56DB,橋頭段,.07,非都市：鄉村區 ; 非都市編定：乙種建築用地,100000,1050,持分移轉,12360011
RPQNMLKMNHIGFFP56DB,橋頭段,4.13,非都市：鄉村區 ; 非都市編定：乙種建築用地,106200,493,持分移轉,12360007
RPQOMLLMNHIGFAP78CB,石農段,30.32,非都市：鄉村區 ; 非都市編定：乙種建築用地,84004,3032,持分移轉,01020000
RPQOMLLMNHIGFAP78CB,石農段,15.16,非都市：鄉村區 ; 非都市編定：乙種建築用地,42002,1516,持分移轉,01030000
RPVNMLLMNHIGFAP56CB,石農段,23.25,非都市：鄉村區 ; 非都市編定：乙種建築用地,84004,2325,持分移轉,01020000
RPVNMLLMNHIGFAP56CB,石農段,11.63,非都市：鄉村區 ; 非都市編定：乙種建築用地,42002,1163,持分移轉,01030000
RPROMLLMNHIGFAP88CB,石農段,30.41,非都市：鄉村區 ; 非都市編定：乙種建築用地,84004,3041,持分移轉,01020000
RPROMLLMNHIGFAP88CB,石農段,15.21,非都市：鄉村區 ; 非都市編定：乙種建築用地,42002,1521,持分移轉,01030000
RPUNMLLMNHIGFAP09CB,石農段,22.65,非都市：鄉村區 ; 非都市編定：乙種建築用地,84004,2265,持分移轉,01020000
RPUNMLLMNHIGFAP09CB,石農段,11.32,非都市：鄉村區 ; 非都市編定：乙種建築用地,42002,1132,持分移轉,01030000
RPPOMLLMNHIGFAP68CB,石農段,19.30,非都市：鄉村區 ; 非都市編定：乙種建築用地,84004,1930,持分移轉,01020000
RPPOMLLMNHIGFAP68CB,石農段,9.64,非都市：鄉村區 ; 非都市編定：乙種建築用地,42002,964,持分移轉,01030000
RPSOMLLMNHIGFAP98CB,石農段,22.44,非都市：鄉村區 ; 非都市編定：乙種建築用地,84004,2244,持分移轉,01020000
RPSOMLLMNHIGFAP98CB,石農段,11.22,非都市：鄉村區 ; 非都市編定：乙種建築用地,42002,1122,持分移轉,01030000
RPOOMLLMNHIGFAP58CB,石農段,25.18,非都市：鄉村區 ; 非都市編定：乙種建築用地,84004,2518,持分移轉,01020000
RPOOMLLMNHIGFAP58CB,石農段,12.59,非都市：鄉村區 ; 非都市編定：乙種建築用地,42002,1259,持分移轉,01030000
RPQNMLKMNHIGFAP58CB,科加段,88.56,非都市：工業區 ; 非都市編定：丁種建築用地,1,1,全筆移轉,00070220
RPSNMLLMNHIGFAP88CB,石農段,17.42,非都市：鄉村區 ; 非都市編定：乙種建築用地,84004,1742,持分移轉,01020000
RPQNMLKMNHIGFAP58CB,科加段,18.63,非都市：工業區 ; 非都市編定：丁種建築用地,10000,214,持分移轉,00070232
RPSNMLLMNHIGFAP88CB,石農段,8.70,非都市：鄉村區 ; 非都市編定：乙種建築用地,42002,870,持分移轉,01030000
RPQNMLKMNHIGFAP58CB,科加段,.26,非都市：工業區 ; 非都市編定：丁種建築用地,39,1,持分移轉,00070231
RPTNMLLMNHIGFAP98CB,石農段,24.94,非都市：鄉村區 ; 非都市編定：乙種建築用地,84004,2494,持分移轉,01020000
RPTNMLLMNHIGFAP98CB,石農段,12.47,非都市：鄉村區 ; 非都市編定：乙種建築用地,42002,1247,持分移轉,01030000
RPROMLLJOHIGFDP98CB,福德段,17.29,非都市：鄉村區 ; 非都市編定：乙種建築用地,100000,4404,持分移轉,00540000
RPUNMLLJOHIGFDP56CB,大學段,107.12,都市：住,1,1,全筆移轉,02720000
RPUNMLLJOHIGFDP56CB,大學段,.47,都市：住,23,1,持分移轉,02720018
RPVNMLLJOHIGFDP66CB,大學段,104.71,都市：住,1,1,全筆移轉,02720001
RPRNMLLMNHIGFDP09CB,大學段,99.00,都市：住,1,1,全筆移轉,03540009
RPVNMLLJOHIGFDP66CB,大學段,.47,都市：住,23,1,持分移轉,02720018
RPRNMLLMNHIGFDP09CB,大學段,.49,都市：住,34,1,持分移轉,03540013
RPXNMLLJOHIGFDP86CB,復興段,114.01,都市：住,1,1,全筆移轉,03380019
RPPNMLLJOHIGFBP58DB,僑真段,19.04,都市：住,100000,3563,持分移轉,06380000
RPPNMLLJOHIGFCP58CB,順天段,27.58,都市：住,88221,2758,持分移轉,07450000
RPPNMLLJOHIGFBP58DB,僑真段,19.04,都市：住,100000,3563,持分移轉,06380001
RPPNMLLJOHIGFCP58CB,順天段,.51,都市：其他:道路用地,11836,51,持分移轉,07720001
RPPNMLLJOHIGFAP48DB,水碓西段,83.81,非都市：一般農業區 ; 非都市編定：甲種建築用地,1,1,全筆移轉,03270041
RPPNMLLJOHIGFAP48DB,水碓西段,34.04,非都市：一般農業區 ; 非都市編定：甲種建築用地,22,1,持分移轉,03270056
RPPNMLLJOHIGFAP48DB,水碓西段,18.00,非都市：一般農業區 ; 非都市編定：甲種建築用地,1,1,全筆移轉,03270042
RPPNMLLJOHIGFAP38CB,石農段,17.41,非都市：鄉村區 ; 非都市編定：乙種建築用地,84004,1741,持分移轉,01020000
RPPNMLLJOHIGFAP38CB,石農段,8.71,非都市：鄉村區 ; 非都市編定：乙種建築用地,42002,871,持分移轉,01030000
RPOOMLLJOHIGFDP68CB,復興段,88.76,都市：住,1,1,全筆移轉,03270015
RPOOMLLJOHIGFDP68CB,復興段,9.31,都市：住,16,1,持分移轉,03260001
RPPNMLMJOHIGFAP48CB,石農段,22.44,非都市：鄉村區 ; 非都市編定：乙種建築用地,84004,2244,持分移轉,01020000
RPPNMLMJOHIGFAP48CB,石農段,11.22,非都市：鄉村區 ; 非都市編定：乙種建築用地,42002,1122,持分移轉,01030000
RPPNMLPJOHIGFDP09CB,大學段,73.77,都市：住,368950,7377,持分移轉,03550003
RPPNMLPJOHIGFDP09CB,大學段,26.71,都市：住,368950,2671,持分移轉,03550003
RPPNMLOJOHIGFFP56CB,成德段,29.57,都市：住,100000,7427,持分移轉,08650001
RPQNMLPJOHIGFDP56CB,大學段,88.35,都市：住,368950,8835,持分移轉,03550003
RPQNMLPJOHIGFDP56CB,大學段,26.71,都市：住,368950,2671,持分移轉,03550003
RPSNMLLJOHIGFEP09CB,新西段,2.75,都市：住,1704,90,持分移轉,12240000
RPPNMLPJOHIGFCP98CB,西螺段,103.50,都市：住,1,1,全筆移轉,08220267
RPSNMLLJOHIGFEP09CB,新西段,8.90,都市：住,1704,90,持分移轉,12250000
RPPNMLPJOHIGFCP98CB,西螺段,26.81,都市：住,16,1,持分移轉,08220004
RPSNMLLJOHIGFEP09CB,新西段,10.83,都市：住,1704,90,持分移轉,12260000
RPSNMLLJOHIGFEP09CB,新西段,6.80,都市：住,1704,90,持分移轉,12290000
RPSNMLLJOHIGFEP09CB,新西段,1.00,都市：住,1704,90,持分移轉,12300000
RPSNMLLJOHIGFEP09CB,新西段,2.83,都市：住,1704,90,持分移轉,12310000
RPSNMLLJOHIGFEP09CB,新西段,8.92,都市：住,1704,90,持分移轉,12320000
RPSNMLLJOHIGFEP09CB,新西段,9.70,都市：住,1704,90,持分移轉,12330000
RPRNMLLJOHIGFEP98CB,新西段,2.75,都市：住,1704,90,持分移轉,12240000
RPRNMLLJOHIGFEP98CB,新西段,8.90,都市：住,1704,90,持分移轉,12250000
RPRNMLLJOHIGFEP98CB,新西段,10.83,都市：住,1704,90,持分移轉,12260000
RPQNMLQJOHIGFDP66CB,大學段,88.34,都市：住,368950,8834,持分移轉,03550003
RPRNMLLJOHIGFEP98CB,新西段,6.80,都市：住,1704,90,持分移轉,12290000
RPQNMLQJOHIGFDP66CB,大學段,26.71,都市：住,368950,2671,持分移轉,03550003
RPRNMLLJOHIGFEP98CB,新西段,1.00,都市：住,1704,90,持分移轉,12300000
RPRNMLLJOHIGFEP98CB,新西段,2.83,都市：住,1704,90,持分移轉,12310000
RPRNMLLJOHIGFEP98CB,新西段,8.92,都市：住,1704,90,持分移轉,12320000
RPPNMLQJOHIGFDP56CB,越港段,12.19,都市：住,1000000,20289,持分移轉,05900000
RPRNMLLJOHIGFEP98CB,新西段,9.70,都市：住,1704,90,持分移轉,12330000
RPPNMLQJOHIGFDP56CB,越港段,21.04,都市：住,1000000,20289,持分移轉,05940000
RPRNMLQJOHIGFDP76CB,大學段,115.89,都市：住,368950,11589,持分移轉,03550003
RPTNMLQJOHIGFDP96CB,大學段,91.86,都市：住,368950,9186,持分移轉,03550003
RPQNMLQJOHIGFEP76CB,新東段,36.50,都市：住,10000,163,持分移轉,02150010
RPPNMLQJOHIGFAP88CB,大崙段茄苳腳小段,19.89,非都市：鄉村區 ; 非都市編定：乙種建築用地,100000,3051,持分移轉,00860025
RPQNMLQJOHIGFAP98CB,光明段,82.24,非都市：工業區 ; 非都市編定：丁種建築用地,1,1,全筆移轉,04070010
RPSNMLQJOHIGFDP86CB,大學段,140.27,都市：住,368950,14027,持分移轉,03550003
RPPNMLQJOHIGFCP09CB,頂湳段,90.00,非都市：鄉村區 ; 非都市編定：乙種建築用地,887,90,持分移轉,02270000
RPQNMLRJOHIGFEP86CB,新東段,28.21,都市：住,10000,126,持分移轉,02150010
RPRNMLQJOHIGFEP86CB,新東段,22.61,都市：住,10000,101,持分移轉,02150010
RPRNMLRJOHIGFEP96CB,新東段,28.21,都市：住,10000,126,持分移轉,02150010
RPPNMLQJOHIGFAP98DB,水碓西段,85.05,非都市：一般農業區 ; 非都市編定：甲種建築用地,1,1,全筆移轉,03270050
RPPNMLQJOHIGFAP98DB,水碓西段,34.04,非都市：一般農業區 ; 非都市編定：甲種建築用地,22,1,持分移轉,03270056
RPPNMLRJOHIGFDP66CB,大學段,95.93,都市：住,368950,9593,持分移轉,03550003
RPQNMLRJOHIGFDP76CB,大學段,88.34,都市：住,368950,8834,持分移轉,03550003
RPQNMLRJOHIGFDP76CB,大學段,26.71,都市：住,368950,2671,持分移轉,03550003
RPPNMLRJOHIGFAP98CB,科加段,82.16,非都市：工業區 ; 非都市編定：丁種建築用地,1,1,全筆移轉,00070227
RPSNMLRJOHIGFEP07CB,新東段,36.50,都市：住,10000,163,持分移轉,02150010
RPPNMLRJOHIGFAP98CB,科加段,17.32,非都市：工業區 ; 非都市編定：丁種建築用地,10000,199,持分移轉,00070232
RPPNMLRJOHIGFAP98CB,科加段,.26,非都市：工業區 ; 非都市編定：丁種建築用地,39,1,持分移轉,00070231
RPQNMLRJOHIGFAP09CB,雲林溪段,15.12,都市：商,202785,1512,持分移轉,01590000
RPPNMLSJOHIGFDP76CB,大學段,88.35,都市：住,368950,8835,持分移轉,03550003
RPSNMLRJOHIGFDP96CB,大學段,92.31,都市：住,368950,9231,持分移轉,03550003
RPPNMLSJOHIGFDP76CB,大學段,26.71,都市：住,368950,2671,持分移轉,03550003
RPRNMLRJOHIGFDP86CB,大學段,88.35,都市：住,368950,8835,持分移轉,03550003
RPRNMLRJOHIGFDP86CB,大學段,26.71,都市：住,368950,2671,持分移轉,03550003
RPQNMLSJOHIGFDP86CB,大學段,73.78,都市：住,368950,7378,持分移轉,03550003
RPQNMLSJOHIGFDP86CB,大學段,26.71,都市：住,368950,2671,持分移轉,03550003
RPSNMLSJOHIGFDP07CB,大學段,86.88,都市：住,368950,8688,持分移轉,03550003
RPRNMLSJOHIGFDP96CB,大學段,93.53,都市：住,368950,9353,持分移轉,03550003
RPRNMLSJOHIGFDP96CB,大學段,26.71,都市：住,368950,2671,持分移轉,03550003
RPTNMLSJOHIGFDP17CB,大學段,73.78,都市：住,368950,7378,持分移轉,03550003
RPTNMLSJOHIGFDP17CB,大學段,26.71,都市：住,368950,2671,持分移轉,03550003
RPPNMLSJOHIGFAP09CB,光明段,93.83,非都市：工業區 ; 非都市編定：丁種建築用地,1,1,全筆移轉,04970000
RPUNMLSJOHIGFDP27CB,大學段,92.31,都市：住,368950,9231,持分移轉,03550003
RPVNMLSJOHIGFDP37CB,菜園段,130.00,都市：住,1,1,全筆移轉,07810012
RPQNMLSJOHIGFAP56CB,虎溪段,30.47,非都市：鄉村區 ; 非都市編定：乙種建築用地,100000,1313,持分移轉,15560000
RPQNMLTJOHIGFDP96CB,高南段,27.47,都市：住,100000,943,持分移轉,02600000
RPPNMLTJOHIGFDP86CB,高南段,27.47,都市：住,100000,943,持分移轉,02600000
RPRNMLTJOHIGFDP07CB,大學段,104.71,都市：住,1,1,全筆移轉,02720005
RPRNMLTJOHIGFDP07CB,大學段,.47,都市：住,23,1,持分移轉,02720018
RPSNMLTJOHIGFDP17CB,大學段,99.00,都市：住,1,1,全筆移轉,03540010
RPSNMLTJOHIGFDP17CB,大學段,.49,都市：住,34,1,持分移轉,03540013
RPTNMLTJOHIGFDP27CB,大學段,91.10,都市：住,1,1,全筆移轉,02720010
RPUNMLTJOHIGFDP37CB,大學段,99.00,都市：住,1,1,全筆移轉,03540005
RPTNMLTJOHIGFDP27CB,大學段,.47,都市：住,23,1,持分移轉,02720018
RPUNMLTJOHIGFDP37CB,大學段,.49,都市：住,34,1,持分移轉,03540013
RPTNMLTJOHIGFDP27CB,大學段,28.66,都市：住,8,1,持分移轉,02720019
RPVNMLTJOHIGFDP47CB,大學段,131.65,都市：住,1,1,全筆移轉,03540024
RPVNMLTJOHIGFDP47CB,大學段,.49,都市：住,34,1,持分移轉,03540013
RPVNMLTJOHIGFDP47CB,大學段,29.30,都市：住,24,1,持分移轉,03540002
RPWNMLTJOHIGFDP57CB,福德段,17.29,非都市：鄉村區 ; 非都市編定：乙種建築用地,100000,4404,持分移轉,00540000
RPPNMLTJOHIGFBP76DB,僑真段,15.08,都市：住,100000,2821,持分移轉,06380000
RPPNMLTJOHIGFBP76DB,僑真段,15.08,都市：住,100000,2821,持分移轉,06380001
RPPNMLMKOHIGFBP68CB,僑真段,21.10,都市：住,100000,623,持分移轉,03490000
RPPNMLMKOHIGFBP68CB,僑真段,1.20,都市：其他:綠地用地,1136300,3045,持分移轉,03450000
RPPNMLMKOHIGFBP68CB,僑真段,1.05,都市：其他:道路用地,1136300,2006,持分移轉,03500000
RPPNMLMKOHIGFBP68CB,僑真段,1.51,都市：住,100000,410,持分移轉,03490012
RPPNMLKKOHIGFAP48DB,高林北段,116.04,非都市：鄉村區 ; 非都市編定：乙種建築用地,1,1,全筆移轉,05580018
RPPNMLKKOHIGFAP48DB,高林北段,25.42,非都市：鄉村區 ; 非都市編定：乙種建築用地,50,1,持分移轉,05580050
RPPNMLKKOHIGFAP48DB,高林北段,.91,非都市：鄉村區 ; 非都市編定：乙種建築用地,50,1,持分移轉,05580051
RPPNMLKKOHIGFAP48DB,高林北段,11.65,非都市：一般農業區 ; 非都市編定：農牧用地,50,1,持分移轉,05640000
RPQNMLMKOHIGFBP78CB,僑真段,21.10,都市：住,100000,623,持分移轉,03490000
RPQNMLMKOHIGFBP78CB,僑真段,1.20,都市：其他:綠地用地,1136300,3045,持分移轉,03450000
RPQNMLMKOHIGFBP78CB,僑真段,1.05,都市：其他:道路用地,1136300,2006,持分移轉,03500000
RPQNMLMKOHIGFBP78CB,僑真段,1.51,都市：住,100000,410,持分移轉,03490012
RPPNMLMKOHIGFDP88CB,高南段,92.00,都市：住,347013,9200,持分移轉,03790000
RPPNMLKKOHIGFCP58CB,崙北段,102.33,都市：住,1,1,全筆移轉,08950011
RPRNMLMKOHIGFDP09CB,大學段,88.35,都市：住,368950,8835,持分移轉,03550003
RPRNMLMKOHIGFDP09CB,大學段,26.71,都市：住,368950,2671,持分移轉,03550003
RPQNMLMKOHIGFAP78DB,水碓西段,84.89,非都市：一般農業區 ; 非都市編定：甲種建築用地,1,1,全筆移轉,03270047
RPQNMLMKOHIGFAP78DB,水碓西段,34.04,非都市：一般農業區 ; 非都市編定：甲種建築用地,22,1,持分移轉,03270056
RPSNMLMKOHIGFDP56CB,大學段,84.79,都市：住,368950,8479,持分移轉,03550003
RPSNMLMKOHIGFDP56CB,大學段,26.71,都市：住,368950,2671,持分移轉,03550003
RPQNMLMKOHIGFDP98CB,大學段,73.78,都市：住,368950,7378,持分移轉,03550003
RPQNMLMKOHIGFDP98CB,大學段,26.71,都市：住,368950,2671,持分移轉,03550003
RPQNMLMKOHIGFDP09DB,芳草段,103.30,非都市：鄉村區 ; 非都市編定：乙種建築用地,1,1,全筆移轉,04980002
RPQNMLMKOHIGFAP68CB,九芎段,73.15,非都市：鄉村區 ; 非都市編定：乙種建築用地,1,1,全筆移轉,03050005
RPPNMLMKOHIGFAP68DB,水碓西段,102.16,非都市：一般農業區 ; 非都市編定：甲種建築用地,1,1,全筆移轉,03270055
RPPNMLMKOHIGFAP68DB,水碓西段,34.04,非都市：一般農業區 ; 非都市編定：甲種建築用地,22,1,持分移轉,03270056
RPRNMLMKOHIGFDP56DB,復興段,134.65,都市：住,1,1,全筆移轉,01060031
RPQNMLNKOHIGFDP09CB,高南段,14.14,都市：住,157925,1414,持分移轉,00650000
RPPNMLNKOHIGFBP78CB,僑真段,70.00,都市：住,1,1,全筆移轉,03490008
RPPNMLNKOHIGFBP78CB,僑真段,3.65,都市：住,20,1,持分移轉,03490001
RPPNMLNKOHIGFBP78CB,僑真段,5.02,都市：住,100000,1361,持分移轉,03490012
RPPNMLNKOHIGFBP78CB,僑真段,3.50,都市：其他:道路用地,1136300,6654,持分移轉,03500000
RPPNMLNKOHIGFAP78DB,北環段,27.45,都市：住,10000,118,持分移轉,02400000
RPRNMLNKOHIGFDP56CB,高南段,14.14,都市：住,157925,1414,持分移轉,00650000
RPPNMLOKOHIGFDP09CB,大學段,45.02,都市：住,101352,4502,持分移轉,02760000
RPQNMLOKOHIGFDP56CB,大學段,45.02,都市：住,101352,4502,持分移轉,02760000
RPPNMLOKOHIGFAP78CB,大崙段茄苳腳小段,24.67,非都市：鄉村區 ; 非都市編定：乙種建築用地,100000,3783,持分移轉,00860025
RPPNMLOKOHIGFBP88CB,建國段,10.45,都市：住,23400,1045,持分移轉,10250000
RPPNMLOKOHIGFBP88CB,建國段,10.45,都市：住,23400,1045,持分移轉,10250001
RPPNMLOKOHIGFBP88CB,建國段,8.85,都市：住,19800,885,持分移轉,10250002
RPSNMLOKOHIGFDP76CB,大學段,43.83,都市：住,101352,4383,持分移轉,02760000
RPTNMLOKOHIGFDP86CB,高北段,39.72,都市：住,100000,2941,持分移轉,00850000
RPPNMLPKOHIGFAP88CB,莿桐段,43.81,都市：住,147800,4381,持分移轉,03760027
RPPNMLPKOHIGFAP88CB,莿桐段,10.85,都市：其他:計畫道路,36600,1085,持分移轉,03760190
RPPNMLOKOHIGFFP66CB,福安段,75.95,非都市：鄉村區 ; 非都市編定：乙種建築用地,1,1,全筆移轉,04740011
RPPNMLOKOHIGFFP66CB,福安段,20.40,非都市：鄉村區 ; 非都市編定：乙種建築用地,1,1,全筆移轉,04740013
RPPNMLOKOHIGFFP66CB,福安段,1.25,非都市：鄉村區 ; 非都市編定：乙種建築用地,1,1,全筆移轉,04740019
RPPNMLOKOHIGFDP56DB,馬公厝段,84.16,非都市：鄉村區 ; 非都市編定：乙種建築用地,1,1,全筆移轉,04320036
RPPNMLOKOHIGFFP66CB,福安段,24.70,非都市：鄉村區 ; 非都市編定：乙種建築用地,1,1,全筆移轉,04740015
RPPNMLOKOHIGFDP56DB,馬公厝段,35.13,非都市：鄉村區 ; 非都市編定：乙種建築用地,5,1,持分移轉,04320020
RPPNMLOKOHIGFFP66CB,福安段,2.62,非都市：鄉村區 ; 非都市編定：乙種建築用地,8,1,持分移轉,04740003
RPPNMLOKOHIGFFP66CB,福安段,43.56,非都市：鄉村區 ; 非都市編定：乙種建築用地,8,1,持分移轉,04740014
RPQNMLPKOHIGFCP56CB,西螺段,113.00,都市：住,1,1,全筆移轉,10630019
RPQNMLPKOHIGFCP56CB,西螺段,11.44,都市：住,100000,2274,持分移轉,10630014
RPPNMLQKOHIGFAP98CB,光明段,82.24,非都市：工業區 ; 非都市編定：丁種建築用地,1,1,全筆移轉,04070013
RPRNMLQKOHIGFAP66DB,埤口段,100.23,都市：住,1,1,全筆移轉,00890000
RPPNMLRKOHIGFEP86CB,新東段,22.61,都市：住,10000,101,持分移轉,02150010
RPPNMLPKOHIGFCP09CB,西螺段,95.00,都市：住,1,1,全筆移轉,10630032
RPPNMLPKOHIGFCP09CB,西螺段,11.44,都市：住,100000,2274,持分移轉,10630014
RPRNMLRKOHIGFAP66CB,北環段,57.34,都市：住,16,1,持分移轉,03320000
RPPNMLRKOHIGFBP56CB,僑真段,34.22,非都市：特定農業區 ; 非都市編定：甲種建築用地,100000,2380,持分移轉,07680000
RPRNMLRKOHIGFBP76CB,僑真段,34.33,非都市：特定農業區 ; 非都市編定：甲種建築用地,100000,2387,持分移轉,07680000
RPSNMLRKOHIGFBP86CB,僑真段,34.22,非都市：特定農業區 ; 非都市編定：甲種建築用地,100000,2380,持分移轉,07680000
RPQNMLRKOHIGFDP86CB,大學段,91.29,都市：住,368950,9129,持分移轉,03550003
RPQNMLRKOHIGFDP86CB,大學段,26.71,都市：住,368950,2671,持分移轉,03550003
RPRNMLRKOHIGFDP96CB,大學段,140.27,都市：住,368950,14027,持分移轉,03550003
RPTNMLRKOHIGFDP17CB,大學段,92.31,都市：住,368950,9231,持分移轉,03550003
RPPNMLTKOHIGFCP86CB,漢南段,73.01,都市：住,1,1,全筆移轉,01470033
RPPNMLTKOHIGFCP86CB,漢南段,30.60,都市：住,23,1,持分移轉,01470044
RPSNMLRKOHIGFDP07CB,大學段,92.31,都市：住,368950,9231,持分移轉,03550003
RPSNMLTKOHIGFAP96CB,大崙段茄苳腳小段,24.67,非都市：鄉村區 ; 非都市編定：乙種建築用地,100000,3783,持分移轉,00860025
RPQNMLTKOHIGFAP76CB,石農段,22.78,非都市：鄉村區 ; 非都市編定：乙種建築用地,84004,2278,持分移轉,01020000
RPQNMLTKOHIGFAP76CB,石農段,11.39,非都市：鄉村區 ; 非都市編定：乙種建築用地,42002,1139,持分移轉,01030000
RPPNMLTKOHIGFAP76DB,崙仔段,60.93,非都市：鄉村區 ; 非都市編定：乙種建築用地,1,1,全筆移轉,02170016
RPPNMLTKOHIGFAP76DB,崙仔段,38.14,非都市：鄉村區 ; 非都市編定：乙種建築用地,17,1,持分移轉,02170011
RPPNMLTKOHIGFAP76DB,崙仔段,.76,非都市：鄉村區 ; 非都市編定：乙種建築用地,17,1,持分移轉,02170018
RPPNMLTKOHIGFAP66CB,莿桐段,29.08,都市：住,147800,2908,持分移轉,03760027
RPPNMLTKOHIGFAP66CB,莿桐段,7.20,都市：其他:計畫道路,36600,720,持分移轉,03760190
RPPNMLKLOHIGFCP68CB,西螺段,105.50,都市：住,1,1,全筆移轉,08220272
RPRNMLTKOHIGFAP86CB,石農段,21.68,非都市：鄉村區 ; 非都市編定：乙種建築用地,84004,2168,持分移轉,01020000
RPPNMLKLOHIGFBP58CB,新光段,90.20,都市：住,1,1,全筆移轉,07160005
RPRNMLTKOHIGFAP86CB,石農段,10.84,非都市：鄉村區 ; 非都市編定：乙種建築用地,42002,1084,持分移轉,01030000
RPPNMLKLOHIGFCP68CB,西螺段,26.81,都市：住,16,1,持分移轉,08220004
RPPNMLLLOHIGFAP58CB,北環段,25.27,都市：住,1000000,28562,持分移轉,00370000
RPPNMLLLOHIGFCP78CB,振興段,171.21,都市：住,1,1,全筆移轉,05900008
RPPNMLLLOHIGFCP78CB,振興段,13.48,都市：住,1,1,全筆移轉,05900005
RPPNMLLLOHIGFCP78CB,振興段,11.49,都市：住,10000,976,持分移轉,05850001
RPPNMLLLOHIGFCP78CB,振興段,12.02,都市：住,3600000,162512,持分移轉,05860000
RPPNMLLLOHIGFCP78CB,振興段,3.01,都市：住,10000,976,持分移轉,05900000
RPPNMLLLOHIGFCP78CB,振興段,.04,都市：住,16,1,持分移轉,05830014
RPRNMLLLOHIGFAP78CB,北環段,25.27,都市：住,1000000,28562,持分移轉,00370000
RPQNMLLLOHIGFAP68CB,大潭段社口小段,28.95,都市：住,1000000,33353,持分移轉,01750001
RPSNMLLLOHIGFAP88CB,三平段,27.85,都市：住,10000,135,持分移轉,00220000
RPTNMLLLOHIGFAP98CB,石農段,22.79,非都市：鄉村區 ; 非都市編定：乙種建築用地,84004,2279,持分移轉,01020000
RPTNMLLLOHIGFAP98CB,石農段,11.40,非都市：鄉村區 ; 非都市編定：乙種建築用地,42002,1140,持分移轉,01030000
RPPNMLQLOHIGFAP09CB,明德段,3.91,非都市：鄉村區 ; 非都市編定：乙種建築用地,100000,2959,持分移轉,02120000
RPPNMLQLOHIGFAP09CB,明德段,.67,非都市：鄉村區 ; 非都市編定：乙種建築用地,100000,2959,持分移轉,02130000
RPPNMLQLOHIGFAP09CB,明德段,1.41,非都市：鄉村區 ; 非都市編定：乙種建築用地,100000,2959,持分移轉,02140000
RPPNMLQLOHIGFAP09CB,明德段,2.36,非都市：鄉村區 ; 非都市編定：乙種建築用地,100000,2959,持分移轉,02150000
RPPNMLQLOHIGFAP09CB,明德段,2.95,非都市：鄉村區 ; 非都市編定：乙種建築用地,100000,2959,持分移轉,02160000
RPPNMLQLOHIGFAP09CB,明德段,2.00,非都市：鄉村區 ; 非都市編定：乙種建築用地,100000,2959,持分移轉,02170000
RPPNMLQLOHIGFAP09CB,明德段,2.60,非都市：鄉村區 ; 非都市編定：乙種建築用地,100000,2959,持分移轉,02180000
RPPNMLQLOHIGFAP09CB,明德段,5.92,非都市：鄉村區 ; 非都市編定：乙種建築用地,100000,2959,持分移轉,02190000
RPPNMLQLOHIGFAP09CB,明德段,1.27,非都市：鄉村區 ; 非都市編定：乙種建築用地,100000,2959,持分移轉,02200000
RPPNMLQLOHIGFCP66CB,順天段,27.58,都市：住,88221,2758,持分移轉,07450000
RPPNMLQLOHIGFCP66CB,順天段,.51,都市：其他:道路用地,11836,51,持分移轉,07720001
RPPNMLQLOHIGFAP56DB,水碓西段,84.22,非都市：一般農業區 ; 非都市編定：甲種建築用地,1,1,全筆移轉,03270048
RPPNMLQLOHIGFAP56DB,水碓西段,34.04,非都市：一般農業區 ; 非都市編定：甲種建築用地,22,1,持分移轉,03270056
RPQNMLQLOHIGFAP66DB,水碓西段,84.64,非都市：一般農業區 ; 非都市編定：甲種建築用地,1,1,全筆移轉,03270051
RPQNMLQLOHIGFAP66DB,水碓西段,34.04,非都市：一般農業區 ; 非都市編定：甲種建築用地,22,1,持分移轉,03270056
RPRNMLQLOHIGFAP76DB,水碓西段,84.24,非都市：一般農業區 ; 非都市編定：甲種建築用地,1,1,全筆移轉,03270052
RPRNMLQLOHIGFAP76DB,水碓西段,34.04,非都市：一般農業區 ; 非都市編定：甲種建築用地,22,1,持分移轉,03270056
RPSNMLQLOHIGFAP86DB,水碓西段,85.02,非都市：一般農業區 ; 非都市編定：甲種建築用地,1,1,全筆移轉,03270049
RPSNMLQLOHIGFAP86DB,水碓西段,34.04,非都市：一般農業區 ; 非都市編定：甲種建築用地,22,1,持分移轉,03270056
RPQNMLRLOHIGFBP86DB,僑真段,18.29,都市：住,100000,3421,持分移轉,06380000
RPQNMLRLOHIGFBP86DB,僑真段,18.29,都市：住,100000,3421,持分移轉,06380001
RPRNMLRLOHIGFBP86CB,僑真段,34.33,非都市：特定農業區 ; 非都市編定：甲種建築用地,100000,2387,持分移轉,07680000
RPPNMLRLOHIGFBP76DB,僑真段,14.67,都市：住,100000,2745,持分移轉,06380000
RPPNMLRLOHIGFBP76DB,僑真段,14.67,都市：住,100000,2745,持分移轉,06380001
RPPNMLRLOHIGFAP56CB,石榴段,94.40,非都市：一般農業區 ; 非都市編定：甲種建築用地,1,1,全筆移轉,03210047
RPQNMLRLOHIGFAP66CB,咬狗北段,14.38,非都市：鄉村區 ; 非都市編定：乙種建築用地,10000,324,持分移轉,05960000
RPQNMLRLOHIGFAP66CB,咬狗北段,19.90,非都市：鄉村區 ; 非都市編定：乙種建築用地,10000,324,持分移轉,05980000
RPSNMLRLOHIGFAP86CB,石榴段,85.56,非都市：一般農業區 ; 非都市編定：甲種建築用地,1,1,全筆移轉,03210015
RPRNMLRLOHIGFAP76CB,咬狗北段,18.96,非都市：鄉村區 ; 非都市編定：乙種建築用地,10000,427,持分移轉,05960000
RPRNMLRLOHIGFAP76CB,咬狗北段,26.22,非都市：鄉村區 ; 非都市編定：乙種建築用地,10000,427,持分移轉,05980000
RPPNMLSLOHIGFAP66CB,咬狗北段,12.08,非都市：鄉村區 ; 非都市編定：乙種建築用地,10000,272,持分移轉,05960000
RPPNMLSLOHIGFAP66CB,咬狗北段,16.70,非都市：鄉村區 ; 非都市編定：乙種建築用地,10000,272,持分移轉,05980000
RPRNMLSLOHIGFAP86CB,黃厝段,34.98,非都市：鄉村區 ; 非都市編定：乙種建築用地,100000,6893,持分移轉,05920000
RPQNMLSLOHIGFAP76CB,咬狗北段,12.08,非都市：鄉村區 ; 非都市編定：乙種建築用地,10000,272,持分移轉,05960000
RPQNMLSLOHIGFAP76CB,咬狗北段,16.70,非都市：鄉村區 ; 非都市編定：乙種建築用地,10000,272,持分移轉,05980000
RPVNMLSLOHIGFAP27CB,三平段,19.60,都市：住,10000,95,持分移轉,00220000
RPUNMLSLOHIGFAP17CB,明德段,3.79,非都市：鄉村區 ; 非都市編定：乙種建築用地,100000,2866,持分移轉,02120000
RPUNMLSLOHIGFAP17CB,明德段,.65,非都市：鄉村區 ; 非都市編定：乙種建築用地,100000,2866,持分移轉,02130000
RPUNMLSLOHIGFAP17CB,明德段,1.36,非都市：鄉村區 ; 非都市編定：乙種建築用地,100000,2866,持分移轉,02140000
RPUNMLSLOHIGFAP17CB,明德段,2.28,非都市：鄉村區 ; 非都市編定：乙種建築用地,100000,2866,持分移轉,02150000
RPUNMLSLOHIGFAP17CB,明德段,2.86,非都市：鄉村區 ; 非都市編定：乙種建築用地,100000,2866,持分移轉,02160000
RPUNMLSLOHIGFAP17CB,明德段,1.94,非都市：鄉村區 ; 非都市編定：乙種建築用地,100000,2866,持分移轉,02170000
RPUNMLSLOHIGFAP17CB,明德段,2.52,非都市：鄉村區 ; 非都市編定：乙種建築用地,100000,2866,持分移轉,02180000
RPUNMLSLOHIGFAP17CB,明德段,5.74,非都市：鄉村區 ; 非都市編定：乙種建築用地,100000,2866,持分移轉,02190000
RPTNMLSLOHIGFAP07CB,明德段,3.91,非都市：鄉村區 ; 非都市編定：乙種建築用地,100000,2959,持分移轉,02120000
RPUNMLSLOHIGFAP17CB,明德段,1.23,非都市：鄉村區 ; 非都市編定：乙種建築用地,100000,2866,持分移轉,02200000
RPTNMLSLOHIGFAP07CB,明德段,.67,非都市：鄉村區 ; 非都市編定：乙種建築用地,100000,2959,持分移轉,02130000
RPTNMLSLOHIGFAP07CB,明德段,1.41,非都市：鄉村區 ; 非都市編定：乙種建築用地,100000,2959,持分移轉,02140000
RPTNMLSLOHIGFAP07CB,明德段,2.36,非都市：鄉村區 ; 非都市編定：乙種建築用地,100000,2959,持分移轉,02150000
RPTNMLSLOHIGFAP07CB,明德段,2.95,非都市：鄉村區 ; 非都市編定：乙種建築用地,100000,2959,持分移轉,02160000
RPTNMLSLOHIGFAP07CB,明德段,2.00,非都市：鄉村區 ; 非都市編定：乙種建築用地,100000,2959,持分移轉,02170000
RPTNMLSLOHIGFAP07CB,明德段,2.60,非都市：鄉村區 ; 非都市編定：乙種建築用地,100000,2959,持分移轉,02180000
RPTNMLSLOHIGFAP07CB,明德段,5.92,非都市：鄉村區 ; 非都市編定：乙種建築用地,100000,2959,持分移轉,02190000
RPTNMLSLOHIGFAP07CB,明德段,1.27,非都市：鄉村區 ; 非都市編定：乙種建築用地,100000,2959,持分移轉,02200000
RPPNMLSLOHIGFAP76DB,石榴段,.87,非都市：特定農業區 ; 非都市編定：甲種建築用地,10000,365,持分移轉,16260033
RPPNMLSLOHIGFAP76DB,石榴段,1.83,非都市：特定農業區 ; 非都市編定：甲種建築用地,10000,276,持分移轉,16260034
RPPNMLSLOHIGFAP76DB,石榴段,31.75,非都市：特定農業區 ; 非都市編定：甲種建築用地,100000,5877,持分移轉,16260035
RPPNMLSLOHIGFEP07CB,長興段,88.00,都市：住,1,1,全筆移轉,13720010
RPPNMLSLOHIGFEP07CB,長興段,22.52,都市：住,10000,429,持分移轉,13720024
RPPNMLSLOHIGFBP86DB,興國段,86.00,都市：住,1,1,全筆移轉,14610029
RPPNMLSLOHIGFBP86DB,興國段,9.79,都市：住,33,1,持分移轉,14610000
RPPNMLSLOHIGFBP86DB,興國段,5.52,都市：住,33,1,持分移轉,14610022
RPPNMLSLOHIGFBP86DB,興國段,.18,都市：住,55,1,持分移轉,14610065
RPPNMLSLOHIGFBP86DB,興國段,.25,都市：住,55,1,持分移轉,14610013
RPPNMLTLOHIGFAP86DB,埤口段,92.82,都市：住,1,1,全筆移轉,00890003
RPPNMLTLOHIGFAP76CB,咬狗北段,14.40,非都市：鄉村區 ; 非都市編定：乙種建築用地,100000,3243,持分移轉,05960000
RPPNMLTLOHIGFAP76CB,咬狗北段,19.92,非都市：鄉村區 ; 非都市編定：乙種建築用地,100000,3243,持分移轉,05980000
RPRNMLTLOHIGFCP17CB,漢北段,125.22,都市：住,1,1,全筆移轉,03630024
RPRNMLTLOHIGFCP17CB,漢北段,6.72,都市：住,69,1,持分移轉,03630003
RPRNMLTLOHIGFCP17CB,漢北段,7.14,都市：住,69,1,持分移轉,04220003
RPRNMLTLOHIGFCP17CB,漢北段,3.97,都市：住,69,1,持分移轉,06940003
RPRNMLTLOHIGFCP17CB,漢北段,5.28,都市：其他:道路用地,69,1,持分移轉,03650000
RPRNMLTLOHIGFCP17CB,漢北段,5.25,都市：其他:道路用地,69,1,持分移轉,04210000
RPRNMLTLOHIGFCP17CB,漢北段,2.05,都市：其他:道路用地,69,1,持分移轉,03820000
RPRNMLTLOHIGFCP17CB,漢北段,.16,都市：其他:道路用地,129,1,持分移轉,03700000
RPRNMLTLOHIGFCP17CB,漢北段,.15,都市：住,69,1,持分移轉,06940018
RPSNMLTLOHIGFCP27CB,漢北段,105.95,都市：住,1,1,全筆移轉,04220011
RPSNMLTLOHIGFCP27CB,漢北段,6.72,都市：住,69,1,持分移轉,03630003
RPSNMLTLOHIGFCP27CB,漢北段,7.14,都市：住,69,1,持分移轉,04220003
RPSNMLTLOHIGFCP27CB,漢北段,3.97,都市：住,69,1,持分移轉,06940003
RPSNMLTLOHIGFCP27CB,漢北段,5.28,都市：其他:道路用地,69,1,持分移轉,03650000
RPSNMLTLOHIGFCP27CB,漢北段,5.25,都市：其他:道路用地,69,1,持分移轉,04210000
RPSNMLTLOHIGFCP27CB,漢北段,2.05,都市：其他:道路用地,69,1,持分移轉,03820000
RPSNMLTLOHIGFCP27CB,漢北段,.16,都市：其他:道路用地,129,1,持分移轉,03700000
RPSNMLTLOHIGFCP27CB,漢北段,.15,都市：住,69,1,持分移轉,06940018
RPTNMLTLOHIGFCP37CB,漢北段,113.32,都市：住,1,1,全筆移轉,03630017
RPTNMLTLOHIGFCP37CB,漢北段,6.72,都市：住,69,1,持分移轉,03630003
RPTNMLTLOHIGFCP37CB,漢北段,7.14,都市：住,69,1,持分移轉,04220003
RPTNMLTLOHIGFCP37CB,漢北段,3.97,都市：住,69,1,持分移轉,06940003
RPTNMLTLOHIGFCP37CB,漢北段,5.28,都市：其他:道路用地,69,1,持分移轉,03650000
RPTNMLTLOHIGFCP37CB,漢北段,5.25,都市：其他:道路用地,69,1,持分移轉,04210000
RPTNMLTLOHIGFCP37CB,漢北段,2.05,都市：其他:道路用地,69,1,持分移轉,03820000
RPUNMLTLOHIGFCP47CB,漢北段,108.89,都市：住,1,1,全筆移轉,04220007
RPTNMLTLOHIGFCP37CB,漢北段,.16,都市：其他:道路用地,129,1,持分移轉,03700000
RPUNMLTLOHIGFCP47CB,漢北段,6.72,都市：住,69,1,持分移轉,03630003
RPTNMLTLOHIGFCP37CB,漢北段,.15,都市：住,69,1,持分移轉,06940018
RPUNMLTLOHIGFCP47CB,漢北段,7.14,都市：住,69,1,持分移轉,04220003
RPUNMLTLOHIGFCP47CB,漢北段,3.97,都市：住,69,1,持分移轉,06940003
RPUNMLTLOHIGFCP47CB,漢北段,5.28,都市：其他:道路用地,69,1,持分移轉,03650000
RPUNMLTLOHIGFCP47CB,漢北段,5.25,都市：其他:道路用地,69,1,持分移轉,04210000
RPUNMLTLOHIGFCP47CB,漢北段,2.05,都市：其他:道路用地,69,1,持分移轉,03820000
RPUNMLTLOHIGFCP47CB,漢北段,.16,都市：其他:道路用地,129,1,持分移轉,03700000
RPUNMLTLOHIGFCP47CB,漢北段,.15,都市：住,69,1,持分移轉,06940018
RPQNMLNLOHIGFDP56CB,大學段,99.00,都市：住,1,1,全筆移轉,03540004
RPQNMLNLOHIGFDP56CB,大學段,.49,都市：住,34,1,持分移轉,03540013
RPQNMLLLOHIGFDP98CB,福德段,29.19,非都市：特定農業區 ; 非都市編定：甲種建築用地,272581,6249,持分移轉,07650000
RPPNMLTKOHIGFDP96CB,大學段,107.00,都市：住,1,1,全筆移轉,03520039
RPPNMLTKOHIGFDP96CB,大學段,12.00,都市：住,25,1,持分移轉,03520029
RPPNMLSLOHIGFDP96CB,福德段,29.19,非都市：特定農業區 ; 非都市編定：甲種建築用地,272581,6249,持分移轉,07650000
RPSNMLQLOHIGFDP07CB,復興段,118.76,都市：住,1,1,全筆移轉,03380020
RPSNMLQLOHIGFDP07CB,復興段,31.06,都市：住,5,1,持分移轉,03380022
RPPNMLRLOHIGFDP86CB,立仁段,1.08,都市：商,189731,1517,持分移轉,05990000
RPPNMLRLOHIGFDP86CB,立仁段,.02,都市：商,189731,1517,持分移轉,05990000
RPPNMLRLOHIGFDP86CB,立仁段,.02,都市：商,189731,1517,持分移轉,05990000
RPPNMLRLOHIGFDP86CB,立仁段,.84,都市：商,189731,1517,持分移轉,05990000
RPPNMLRLOHIGFDP86CB,立仁段,1.31,都市：商,189731,1517,持分移轉,05990000
RPPNMLRLOHIGFDP86CB,立仁段,5.44,都市：商,189731,1517,持分移轉,05990000
RPPNMLRLOHIGFDP86CB,立仁段,1.12,都市：商,189731,1517,持分移轉,05990000
RPPNMLRLOHIGFDP86CB,立仁段,.28,都市：商,189731,1517,持分移轉,05990000
RPPNMLRLOHIGFDP86CB,立仁段,.54,都市：商,189731,1517,持分移轉,05990000
RPQNMLQLOHIGFDP86CB,復興段,88.86,都市：住,1,1,全筆移轉,03270016
RPPNMLRLOHIGFDP86CB,立仁段,1.27,都市：商,189731,1517,持分移轉,05990000
RPQNMLQLOHIGFDP86CB,復興段,9.31,都市：住,16,1,持分移轉,03260001
RPPNMLRLOHIGFDP86CB,立仁段,3.27,都市：商,189731,1517,持分移轉,05990000
RPVNMLTLOHIGFCP57CB,漢北段,111.73,都市：住,1,1,全筆移轉,03630023
RPVNMLTLOHIGFCP57CB,漢北段,6.72,都市：住,69,1,持分移轉,03630003
RPVNMLTLOHIGFCP57CB,漢北段,7.14,都市：住,69,1,持分移轉,04220003
RPVNMLTLOHIGFCP57CB,漢北段,3.97,都市：住,69,1,持分移轉,06940003
RPVNMLTLOHIGFCP57CB,漢北段,5.28,都市：其他:道路用地,69,1,持分移轉,03650000
RPQNMLTLOHIGFDP17CB,大學段,88.35,都市：住,368950,8835,持分移轉,03550003
RPVNMLTLOHIGFCP57CB,漢北段,5.25,都市：其他:道路用地,69,1,持分移轉,04210000
RPQNMLTLOHIGFDP17CB,大學段,26.71,都市：住,368950,2671,持分移轉,03550003
RPVNMLTLOHIGFCP57CB,漢北段,2.05,都市：其他:道路用地,69,1,持分移轉,03820000
RPVNMLTLOHIGFCP57CB,漢北段,.16,都市：其他:道路用地,129,1,持分移轉,03700000
RPVNMLTLOHIGFCP57CB,漢北段,.15,都市：住,69,1,持分移轉,06940018
RPPNMLTLOHIGFDP07CB,大學段,76.04,都市：住,368950,7604,持分移轉,03550003
RPPNMLTLOHIGFDP07CB,大學段,26.71,都市：住,368950,2671,持分移轉,03550003
RPRNMLTLOHIGFDP27CB,大學段,75.79,都市：住,368950,7579,持分移轉,03550003
RPRNMLTLOHIGFDP27CB,大學段,26.71,都市：住,368950,2671,持分移轉,03550003
RPUNMLTLOHIGFDP57CB,大學段,95.93,都市：住,368950,9593,持分移轉,03550003
RPVNMLTLOHIGFDP67CB,大學段,102.28,都市：住,368950,10228,持分移轉,03550003
RPRNMLKMOHIGFCP98CB,漢北段,108.87,都市：住,1,1,全筆移轉,03630007
RPVNMLTLOHIGFDP67CB,大學段,26.71,都市：住,368950,2671,持分移轉,03550003
RPRNMLKMOHIGFCP98CB,漢北段,6.72,都市：住,69,1,持分移轉,03630003
RPRNMLKMOHIGFCP98CB,漢北段,7.14,都市：住,69,1,持分移轉,04220003
RPRNMLKMOHIGFCP98CB,漢北段,3.97,都市：住,69,1,持分移轉,06940003
RPRNMLKMOHIGFCP98CB,漢北段,5.28,都市：其他:道路用地,69,1,持分移轉,03650000
RPRNMLKMOHIGFCP98CB,漢北段,5.25,都市：其他:道路用地,69,1,持分移轉,04210000
RPRNMLKMOHIGFCP98CB,漢北段,2.05,都市：其他:道路用地,69,1,持分移轉,03820000
RPRNMLKMOHIGFCP98CB,漢北段,.16,都市：其他:道路用地,129,1,持分移轉,03700000
RPRNMLKMOHIGFCP98CB,漢北段,.15,都市：住,69,1,持分移轉,06940018
RPPNMLKMOHIGFCP78CB,漢北段,128.32,都市：住,1,1,全筆移轉,04220026
RPPNMLKMOHIGFCP78CB,漢北段,6.72,都市：住,69,1,持分移轉,03630003
RPPNMLKMOHIGFCP78CB,漢北段,7.14,都市：住,69,1,持分移轉,04220003
RPPNMLKMOHIGFCP78CB,漢北段,3.97,都市：住,69,1,持分移轉,06940003
RPPNMLKMOHIGFCP78CB,漢北段,5.28,都市：其他:道路用地,69,1,持分移轉,03650000
RPPNMLKMOHIGFCP78CB,漢北段,5.25,都市：其他:道路用地,69,1,持分移轉,04210000
RPPNMLKMOHIGFCP78CB,漢北段,2.05,都市：其他:道路用地,69,1,持分移轉,03820000
RPPNMLKMOHIGFCP78CB,漢北段,.16,都市：其他:道路用地,129,1,持分移轉,03700000
RPPNMLKMOHIGFCP78CB,漢北段,.15,都市：住,69,1,持分移轉,06940018
RPQNMLKMOHIGFCP88CB,漢北段,125.10,都市：住,1,1,全筆移轉,03630016
RPTNMLTLOHIGFDP47CB,立仁段,.89,都市：商,189731,1242,持分移轉,05990000
RPQNMLKMOHIGFCP88CB,漢北段,6.72,都市：住,69,1,持分移轉,03630003
RPTNMLTLOHIGFDP47CB,立仁段,.01,都市：商,189731,1242,持分移轉,05990000
RPQNMLKMOHIGFCP88CB,漢北段,7.14,都市：住,69,1,持分移轉,04220003
RPTNMLTLOHIGFDP47CB,立仁段,.01,都市：商,189731,1242,持分移轉,05990000
RPQNMLKMOHIGFCP88CB,漢北段,3.97,都市：住,69,1,持分移轉,06940003
RPTNMLTLOHIGFDP47CB,立仁段,.69,都市：商,189731,1242,持分移轉,05990000
RPQNMLKMOHIGFCP88CB,漢北段,5.28,都市：其他:道路用地,69,1,持分移轉,03650000
RPTNMLTLOHIGFDP47CB,立仁段,1.07,都市：商,189731,1242,持分移轉,05990000
RPQNMLKMOHIGFCP88CB,漢北段,5.25,都市：其他:道路用地,69,1,持分移轉,04210000
RPTNMLTLOHIGFDP47CB,立仁段,4.45,都市：商,189731,1242,持分移轉,05990000
RPQNMLKMOHIGFCP88CB,漢北段,2.05,都市：其他:道路用地,69,1,持分移轉,03820000
RPTNMLTLOHIGFDP47CB,立仁段,.91,都市：商,189731,1242,持分移轉,05990000
RPTNMLTLOHIGFDP47CB,立仁段,.23,都市：商,189731,1242,持分移轉,05990000
RPTNMLTLOHIGFDP47CB,立仁段,.44,都市：商,189731,1242,持分移轉,05990000
RPTNMLTLOHIGFDP47CB,立仁段,1.04,都市：商,189731,1242,持分移轉,05990000
RPTNMLTLOHIGFDP47CB,立仁段,2.67,都市：商,189731,1242,持分移轉,05990000
RPQNMLKMOHIGFCP88CB,漢北段,.16,都市：其他:道路用地,129,1,持分移轉,03700000
RPQNMLKMOHIGFCP88CB,漢北段,.15,都市：住,69,1,持分移轉,06940018
RPTNMLKMOHIGFCP56CB,漢北段,126.23,都市：住,1,1,全筆移轉,04220002
RPTNMLKMOHIGFCP56CB,漢北段,6.72,都市：住,69,1,持分移轉,03630003
RPTNMLKMOHIGFCP56CB,漢北段,7.14,都市：住,69,1,持分移轉,04220003
RPTNMLKMOHIGFCP56CB,漢北段,3.97,都市：住,69,1,持分移轉,06940003
RPTNMLKMOHIGFCP56CB,漢北段,5.28,都市：其他:道路用地,69,1,持分移轉,03650000
RPTNMLKMOHIGFCP56CB,漢北段,5.25,都市：其他:道路用地,69,1,持分移轉,04210000
RPTNMLKMOHIGFCP56CB,漢北段,2.05,都市：其他:道路用地,69,1,持分移轉,03820000
RPTNMLKMOHIGFCP56CB,漢北段,.16,都市：其他:道路用地,129,1,持分移轉,03700000
RPTNMLKMOHIGFCP56CB,漢北段,.15,都市：住,69,1,持分移轉,06940018
RPUNMLKMOHIGFCP66CB,漢北段,105.88,都市：住,1,1,全筆移轉,03630008
RPUNMLKMOHIGFCP66CB,漢北段,6.72,都市：住,69,1,持分移轉,03630003
RPUNMLKMOHIGFCP66CB,漢北段,7.14,都市：住,69,1,持分移轉,04220003
RPUNMLKMOHIGFCP66CB,漢北段,3.97,都市：住,69,1,持分移轉,06940003
RPUNMLKMOHIGFCP66CB,漢北段,5.28,都市：其他:道路用地,69,1,持分移轉,03650000
RPUNMLKMOHIGFCP66CB,漢北段,5.25,都市：其他:道路用地,69,1,持分移轉,04210000
RPUNMLKMOHIGFCP66CB,漢北段,2.05,都市：其他:道路用地,69,1,持分移轉,03820000
RPUNMLKMOHIGFCP66CB,漢北段,.16,都市：其他:道路用地,129,1,持分移轉,03700000
RPUNMLKMOHIGFCP66CB,漢北段,.15,都市：住,69,1,持分移轉,06940018
RPSNMLKMOHIGFCP09CB,漢北段,105.83,都市：住,1,1,全筆移轉,03630009
RPSNMLKMOHIGFCP09CB,漢北段,6.72,都市：住,69,1,持分移轉,03630003
RPSNMLKMOHIGFCP09CB,漢北段,7.14,都市：住,69,1,持分移轉,04220003
RPSNMLKMOHIGFCP09CB,漢北段,3.97,都市：住,69,1,持分移轉,06940003
RPSNMLKMOHIGFCP09CB,漢北段,5.28,都市：其他:道路用地,69,1,持分移轉,03650000
RPSNMLKMOHIGFCP09CB,漢北段,5.25,都市：其他:道路用地,69,1,持分移轉,04210000
RPSNMLKMOHIGFCP09CB,漢北段,2.05,都市：其他:道路用地,69,1,持分移轉,03820000
RPSNMLKMOHIGFCP09CB,漢北段,.16,都市：其他:道路用地,129,1,持分移轉,03700000
RPSNMLKMOHIGFCP09CB,漢北段,.15,都市：住,69,1,持分移轉,06940018
RPVNMLKMOHIGFCP76CB,漢北段,109.74,都市：住,1,1,全筆移轉,03630019
RPVNMLKMOHIGFCP76CB,漢北段,6.72,都市：住,69,1,持分移轉,03630003
RPVNMLKMOHIGFCP76CB,漢北段,7.14,都市：住,69,1,持分移轉,04220003
RPVNMLKMOHIGFCP76CB,漢北段,3.97,都市：住,69,1,持分移轉,06940003
RPVNMLKMOHIGFCP76CB,漢北段,5.28,都市：其他:道路用地,69,1,持分移轉,03650000
RPVNMLKMOHIGFCP76CB,漢北段,5.25,都市：其他:道路用地,69,1,持分移轉,04210000
RPVNMLKMOHIGFCP76CB,漢北段,2.05,都市：其他:道路用地,69,1,持分移轉,03820000
RPVNMLKMOHIGFCP76CB,漢北段,.16,都市：其他:道路用地,129,1,持分移轉,03700000
RPVNMLKMOHIGFCP76CB,漢北段,.15,都市：住,69,1,持分移轉,06940018
RPQNMLKMOHIGFAP68CB,咬狗北段,14.67,非都市：鄉村區 ; 非都市編定：乙種建築用地,100000,3305,持分移轉,05960000
RPQNMLKMOHIGFAP68CB,咬狗北段,20.30,非都市：鄉村區 ; 非都市編定：乙種建築用地,100000,3305,持分移轉,05980000
RPPNMLKMOHIGFAP58CB,咬狗北段,17.94,非都市：鄉村區 ; 非都市編定：乙種建築用地,100000,4041,持分移轉,05960000
RPPNMLKMOHIGFAP58CB,咬狗北段,24.82,非都市：鄉村區 ; 非都市編定：乙種建築用地,100000,4041,持分移轉,05980000
RPRNMLKMOHIGFAP78CB,咬狗北段,17.94,非都市：鄉村區 ; 非都市編定：乙種建築用地,100000,4041,持分移轉,05960000
RPRNMLKMOHIGFAP78CB,咬狗北段,24.82,非都市：鄉村區 ; 非都市編定：乙種建築用地,100000,4041,持分移轉,05980000
RPSNMLKMOHIGFAP88CB,咬狗北段,18.86,非都市：鄉村區 ; 非都市編定：乙種建築用地,100000,4249,持分移轉,05960000
RPSNMLKMOHIGFAP88CB,咬狗北段,26.09,非都市：鄉村區 ; 非都市編定：乙種建築用地,100000,4249,持分移轉,05980000
RPPNMLKMOHIGFEP98CB,新東段,25.53,都市：住,10000,114,持分移轉,02150010
RPTNMLKMOHIGFAP98CB,北環段,183.62,都市：住,48318,18362,持分移轉,03090005
RPPNMLLJPHIGFAP58DB,水碓西段,88.25,非都市：一般農業區 ; 非都市編定：甲種建築用地,1,1,全筆移轉,03270038
RPPNMLLJPHIGFAP58DB,水碓西段,34.04,非都市：一般農業區 ; 非都市編定：甲種建築用地,22,1,持分移轉,03270056
RPQNMLLJPHIGFAP68DB,水碓西段,86.15,非都市：一般農業區 ; 非都市編定：甲種建築用地,1,1,全筆移轉,03270040
RPQNMLLJPHIGFAP68DB,水碓西段,34.04,非都市：一般農業區 ; 非都市編定：甲種建築用地,22,1,持分移轉,03270056
RPPNMLLJPHIGFAP48CB,雲林溪段,12.27,都市：商,202785,1227,持分移轉,01590000
RPPNMLNJPHIGFAP78DB,雲林溪段,134.71,都市：住,1,1,全筆移轉,00790000
RPPNMLNJPHIGFAP68CB,黃厝段,22.67,非都市：鄉村區 ; 非都市編定：乙種建築用地,100000,4467,持分移轉,05920000
RPPNMLOJPHIGFAP78CB,三平段,27.85,都市：住,10000,135,持分移轉,00220000
RPQNMLNJPHIGFEP56CB,新東段,106.53,都市：住,10653,10653,全筆移轉,02150001
RPQNMLNJPHIGFEP56CB,新東段,.42,都市：住,8,1,持分移轉,02150008
RPQNMLNJPHIGFEP56CB,新東段,.38,都市：住,8,1,持分移轉,02150009
RPQNMLOJPHIGFAP88CB,三平段,19.60,都市：住,10000,95,持分移轉,00220000
RPRNMLOJPHIGFAP98CB,三平段,19.60,都市：住,10000,95,持分移轉,00220000
RPSNMLOJPHIGFCP66CB,漢北段,105.95,都市：住,1,1,全筆移轉,04220012
RPSNMLOJPHIGFCP66CB,漢北段,6.72,都市：住,69,1,持分移轉,03630003
RPSNMLOJPHIGFCP66CB,漢北段,7.14,都市：住,69,1,持分移轉,04220003
RPSNMLOJPHIGFCP66CB,漢北段,3.97,都市：住,69,1,持分移轉,06940003
RPSNMLOJPHIGFCP66CB,漢北段,5.28,都市：其他:道路用地,69,1,持分移轉,03650000
RPSNMLOJPHIGFCP66CB,漢北段,5.25,都市：其他:道路用地,69,1,持分移轉,04210000
RPSNMLOJPHIGFCP66CB,漢北段,2.05,都市：其他:道路用地,69,1,持分移轉,03820000
RPSNMLOJPHIGFCP66CB,漢北段,.16,都市：其他:道路用地,129,1,持分移轉,03700000
RPSNMLOJPHIGFCP66CB,漢北段,.15,都市：住,69,1,持分移轉,06940018
RPPNMLPJPHIGFBP98CB,建國段,10.70,都市：住,23400,1070,持分移轉,10250000
RPPNMLPJPHIGFBP98CB,建國段,10.70,都市：住,23400,1070,持分移轉,10250001
RPPNMLPJPHIGFBP98CB,建國段,9.05,都市：住,19800,905,持分移轉,10250002
RPPNMLPJPHIGFDP56CB,高南段,53.93,都市：住,100000,2421,持分移轉,04100000
RPRNMLPJPHIGFDP76CB,高南段,22.92,都市：住,100000,1097,持分移轉,00600000
RPQNMLLJPHIGFCP78CB,漢北段,123.17,都市：住,1,1,全筆移轉,03630014
RPQNMLLJPHIGFCP78CB,漢北段,6.72,都市：住,69,1,持分移轉,03630003
RPQNMLLJPHIGFCP78CB,漢北段,7.14,都市：住,69,1,持分移轉,04220003
RPWNMLKMOHIGFCP86CB,漢北段,120.28,都市：住,1,1,全筆移轉,03630015
RPQNMLLJPHIGFCP78CB,漢北段,3.97,都市：住,69,1,持分移轉,06940003
RPWNMLKMOHIGFCP86CB,漢北段,6.72,都市：住,69,1,持分移轉,03630003
RPQNMLLJPHIGFCP78CB,漢北段,5.28,都市：其他:道路用地,69,1,持分移轉,03650000
RPWNMLKMOHIGFCP86CB,漢北段,7.14,都市：住,69,1,持分移轉,04220003
RPQNMLLJPHIGFCP78CB,漢北段,5.25,都市：其他:道路用地,69,1,持分移轉,04210000
RPWNMLKMOHIGFCP86CB,漢北段,3.97,都市：住,69,1,持分移轉,06940003
RPQNMLLJPHIGFCP78CB,漢北段,2.05,都市：其他:道路用地,69,1,持分移轉,03820000
RPWNMLKMOHIGFCP86CB,漢北段,5.28,都市：其他:道路用地,69,1,持分移轉,03650000
RPQNMLLJPHIGFCP78CB,漢北段,.16,都市：其他:道路用地,129,1,持分移轉,03700000
RPWNMLKMOHIGFCP86CB,漢北段,5.25,都市：其他:道路用地,69,1,持分移轉,04210000
RPQNMLLJPHIGFCP78CB,漢北段,.15,都市：住,69,1,持分移轉,06940018
RPWNMLKMOHIGFCP86CB,漢北段,2.05,都市：其他:道路用地,69,1,持分移轉,03820000
RPWNMLKMOHIGFCP86CB,漢北段,.16,都市：其他:道路用地,129,1,持分移轉,03700000
RPWNMLKMOHIGFCP86CB,漢北段,.15,都市：住,69,1,持分移轉,06940018
RPPNMLLJPHIGFCP68CB,漢北段,126.65,都市：住,1,1,全筆移轉,04220017
RPPNMLLJPHIGFCP68CB,漢北段,6.72,都市：住,69,1,持分移轉,03630003
RPPNMLLJPHIGFCP68CB,漢北段,7.14,都市：住,69,1,持分移轉,04220003
RPXNMLKMOHIGFCP96CB,漢北段,122.07,都市：住,1,1,全筆移轉,06940004
RPPNMLLJPHIGFCP68CB,漢北段,3.97,都市：住,69,1,持分移轉,06940003
RPXNMLKMOHIGFCP96CB,漢北段,6.72,都市：住,69,1,持分移轉,03630003
RPPNMLLJPHIGFCP68CB,漢北段,5.28,都市：其他:道路用地,69,1,持分移轉,03650000
RPXNMLKMOHIGFCP96CB,漢北段,7.14,都市：住,69,1,持分移轉,04220003
RPPNMLLJPHIGFCP68CB,漢北段,5.25,都市：其他:道路用地,69,1,持分移轉,04210000
RPXNMLKMOHIGFCP96CB,漢北段,3.97,都市：住,69,1,持分移轉,06940003
RPPNMLLJPHIGFCP68CB,漢北段,2.05,都市：其他:道路用地,69,1,持分移轉,03820000
RPXNMLKMOHIGFCP96CB,漢北段,5.28,都市：其他:道路用地,69,1,持分移轉,03650000
RPPNMLLJPHIGFCP68CB,漢北段,.16,都市：其他:道路用地,129,1,持分移轉,03700000
RPXNMLKMOHIGFCP96CB,漢北段,5.25,都市：其他:道路用地,69,1,持分移轉,04210000
RPPNMLLJPHIGFCP68CB,漢北段,.15,都市：住,69,1,持分移轉,06940018
RPXNMLKMOHIGFCP96CB,漢北段,2.05,都市：其他:道路用地,69,1,持分移轉,03820000
RPXNMLKMOHIGFCP96CB,漢北段,.16,都市：其他:道路用地,129,1,持分移轉,03700000
RPXNMLKMOHIGFCP96CB,漢北段,.15,都市：住,69,1,持分移轉,06940018
RPSNMLPJPHIGFDP86CB,高南段,13.39,都市：住,100000,641,持分移轉,00600000
RPPNMLPJPHIGFEP66CB,新東段,141.69,都市：住,1,1,全筆移轉,00880002
RPTNMLPJPHIGFDP96CB,高南段,24.55,都市：住,100000,1175,持分移轉,00600000
RPRNMLPJPHIGFEP86CB,新東段,136.75,都市：住,1,1,全筆移轉,00880005
RPQNMLPJPHIGFEP76CB,新東段,136.75,都市：住,1,1,全筆移轉,00880017
RPQNMLPJPHIGFAP09DB,石榴段,84.45,非都市：一般農業區 ; 非都市編定：甲種建築用地,1,1,全筆移轉,03010020
RPPNMLPJPHIGFFP76CB,後安段,97.65,非都市：一般農業區 ; 非都市編定：甲種建築用地,1,1,全筆移轉,07410017
RPPNMLPJPHIGFFP76CB,後安段,.68,非都市：一般農業區 ; 非都市編定：甲種建築用地,12,1,持分移轉,07410001
RPPNMLPJPHIGFFP76CB,後安段,12.73,非都市：一般農業區 ; 非都市編定：甲種建築用地,12,1,持分移轉,07410005
RPPNMLRJPHIGFCP66CB,漢北段,110.00,都市：住,1,1,全筆移轉,03630018
RPPNMLRJPHIGFCP66CB,漢北段,6.72,都市：住,69,1,持分移轉,03630003
RPPNMLRJPHIGFCP66CB,漢北段,7.14,都市：住,69,1,持分移轉,04220003
RPPNMLRJPHIGFCP66CB,漢北段,3.97,都市：住,69,1,持分移轉,06940003
RPPNMLRJPHIGFCP66CB,漢北段,5.28,都市：其他:道路用地,69,1,持分移轉,03650000
RPPNMLRJPHIGFCP66CB,漢北段,5.25,都市：其他:道路用地,69,1,持分移轉,04210000
RPPNMLRJPHIGFCP66CB,漢北段,2.05,都市：其他:道路用地,69,1,持分移轉,03820000
RPPNMLRJPHIGFCP66CB,漢北段,.16,都市：其他:道路用地,129,1,持分移轉,03700000
RPPNMLRJPHIGFCP66CB,漢北段,.15,都市：住,69,1,持分移轉,06940018
RPQNMLRJPHIGFAP56CB,科加段,82.74,非都市：工業區 ; 非都市編定：丁種建築用地,1,1,全筆移轉,00070206
RPQNMLRJPHIGFAP56CB,科加段,17.41,非都市：工業區 ; 非都市編定：丁種建築用地,10000,200,持分移轉,00070232
RPQNMLRJPHIGFAP56CB,科加段,.26,非都市：工業區 ; 非都市編定：丁種建築用地,39,1,持分移轉,00070231
RPPNMLRJPHIGFAP09CB,科加段,76.27,非都市：工業區 ; 非都市編定：丁種建築用地,1,1,全筆移轉,00070228
RPPNMLRJPHIGFAP09CB,科加段,16.10,非都市：工業區 ; 非都市編定：丁種建築用地,10000,185,持分移轉,00070232
RPPNMLRJPHIGFAP09CB,科加段,.26,非都市：工業區 ; 非都市編定：丁種建築用地,39,1,持分移轉,00070231
RPTNMLRJPHIGFAP86CB,科加段,96.33,非都市：工業區 ; 非都市編定：丁種建築用地,1,1,全筆移轉,00070190
RPTNMLRJPHIGFAP86CB,科加段,20.28,非都市：工業區 ; 非都市編定：丁種建築用地,10000,233,持分移轉,00070232
RPTNMLRJPHIGFAP86CB,科加段,.26,非都市：工業區 ; 非都市編定：丁種建築用地,39,1,持分移轉,00070231
RPPNMLSJPHIGFDP86CB,高南段,23.34,都市：住,100000,1117,持分移轉,00600000
RPPNMLSJPHIGFAP56CB,石農段,17.42,非都市：鄉村區 ; 非都市編定：乙種建築用地,84004,1742,持分移轉,01020000
RPPNMLSJPHIGFAP56CB,石農段,8.70,非都市：鄉村區 ; 非都市編定：乙種建築用地,42002,870,持分移轉,01030000
RPRNMLKKPHIGFAP78DB,北環段,20.00,都市：住,10000,86,持分移轉,02400000
RPPNMLSJPHIGFAP66DB,八德段,72.64,非都市：一般農業區 ; 非都市編定：甲種建築用地,1,1,全筆移轉,01580031
RPPNMLSJPHIGFAP66DB,八德段,21.12,非都市：一般農業區 ; 非都市編定：甲種建築用地,44,1,持分移轉,01580063
RPPNMLSJPHIGFAP66DB,八德段,.68,非都市：一般農業區 ; 非都市編定：甲種建築用地,1,1,全筆移轉,01580061
RPPNMLKKPHIGFFP98CB,新吉段,93.11,非都市：鄉村區 ; 非都市編定：乙種建築用地,1,1,全筆移轉,03930001
RPPNMLKKPHIGFFP98CB,新吉段,39.93,非都市：鄉村區 ; 非都市編定：乙種建築用地,5,1,持分移轉,03930005
RPPNMLKKPHIGFAP48CB,明德段,5.36,非都市：鄉村區 ; 非都市編定：乙種建築用地,100000,4050,持分移轉,02120000
RPPNMLKKPHIGFAP48CB,明德段,.92,非都市：鄉村區 ; 非都市編定：乙種建築用地,100000,4050,持分移轉,02130000
RPPNMLKKPHIGFAP48CB,明德段,1.93,非都市：鄉村區 ; 非都市編定：乙種建築用地,100000,4050,持分移轉,02140000
RPPNMLKKPHIGFAP48CB,明德段,3.22,非都市：鄉村區 ; 非都市編定：乙種建築用地,100000,4050,持分移轉,02150000
RPPNMLKKPHIGFAP48CB,明德段,4.04,非都市：鄉村區 ; 非都市編定：乙種建築用地,100000,4050,持分移轉,02160000
RPPNMLKKPHIGFAP48CB,明德段,2.74,非都市：鄉村區 ; 非都市編定：乙種建築用地,100000,4050,持分移轉,02170000
RPPNMLKKPHIGFAP48CB,明德段,3.56,非都市：鄉村區 ; 非都市編定：乙種建築用地,100000,4050,持分移轉,02180000
RPPNMLKKPHIGFAP48CB,明德段,8.11,非都市：鄉村區 ; 非都市編定：乙種建築用地,100000,4050,持分移轉,02190000
RPPNMLKKPHIGFAP48CB,明德段,1.74,非都市：鄉村區 ; 非都市編定：乙種建築用地,100000,4050,持分移轉,02200000
RPQNMLKKPHIGFFP09CB,山寮段,125.09,非都市：鄉村區 ; 非都市編定：乙種建築用地,1,1,全筆移轉,08880040
RPQNMLKKPHIGFFP09CB,山寮段,.65,非都市：鄉村區 ; 非都市編定：乙種建築用地,32,1,持分移轉,08880012
RPQNMLKKPHIGFFP09CB,山寮段,.63,非都市：鄉村區 ; 非都市編定：乙種建築用地,32,1,持分移轉,08880013
RPQNMLKKPHIGFFP09CB,山寮段,24.07,非都市：鄉村區 ; 非都市編定：乙種建築用地,32,1,持分移轉,08880020
RPQNMLKKPHIGFFP09CB,山寮段,.38,非都市：鄉村區 ; 非都市編定：乙種建築用地,32,1,持分移轉,08880034
RPQNMLKKPHIGFFP09CB,山寮段,.19,非都市：鄉村區 ; 非都市編定：乙種建築用地,32,1,持分移轉,08880041
RPPNMLLKPHIGFEP98CB,新東段,25.53,都市：住,10000,114,持分移轉,02150010
RPQNMLKKPHIGFAP58CB,明德段,5.36,非都市：鄉村區 ; 非都市編定：乙種建築用地,100000,4050,持分移轉,02120000
RPQNMLKKPHIGFAP58CB,明德段,.92,非都市：鄉村區 ; 非都市編定：乙種建築用地,100000,4050,持分移轉,02130000
RPQNMLKKPHIGFAP58CB,明德段,1.93,非都市：鄉村區 ; 非都市編定：乙種建築用地,100000,4050,持分移轉,02140000
RPQNMLKKPHIGFAP58CB,明德段,3.22,非都市：鄉村區 ; 非都市編定：乙種建築用地,100000,4050,持分移轉,02150000
RPQNMLKKPHIGFAP58CB,明德段,4.04,非都市：鄉村區 ; 非都市編定：乙種建築用地,100000,4050,持分移轉,02160000
RPQNMLKKPHIGFAP58CB,明德段,2.74,非都市：鄉村區 ; 非都市編定：乙種建築用地,100000,4050,持分移轉,02170000
RPQNMLKKPHIGFAP58CB,明德段,3.56,非都市：鄉村區 ; 非都市編定：乙種建築用地,100000,4050,持分移轉,02180000
RPQNMLKKPHIGFAP58CB,明德段,8.11,非都市：鄉村區 ; 非都市編定：乙種建築用地,100000,4050,持分移轉,02190000
RPQNMLKKPHIGFAP58CB,明德段,1.74,非都市：鄉村區 ; 非都市編定：乙種建築用地,100000,4050,持分移轉,02200000
RPPNMLLKPHIGFFP56DB,楊厝段,95.10,非都市：鄉村區 ; 非都市編定：乙種建築用地,1,1,全筆移轉,05280018
RPPNMLLKPHIGFFP56DB,楊厝段,25.65,非都市：鄉村區 ; 非都市編定：乙種建築用地,18,1,持分移轉,05280012
RPPNMLLKPHIGFFP56DB,楊厝段,.26,非都市：鄉村區 ; 非都市編定：乙種建築用地,18,1,持分移轉,05280022
RPPNMLMKPHIGFEP09CB,新東段,106.53,都市：住,10653,10653,全筆移轉,02150002
RPPNMLMKPHIGFEP09CB,新東段,.42,都市：住,8,1,持分移轉,02150008
RPPNMLMKPHIGFEP09CB,新東段,.38,都市：住,8,1,持分移轉,02150009
RPPNMLMKPHIGFAP68CB,莿桐段,40.93,都市：住,147800,4093,持分移轉,03760027
RPPNMLMKPHIGFAP68CB,莿桐段,10.14,都市：其他:計畫道路,36600,1014,持分移轉,03760190
RPQNMLMKPHIGFEP56CB,太平段,28.69,都市：住,10000,156,持分移轉,11720000
RPQNMLMKPHIGFEP56CB,太平段,.75,都市：住,10000,156,持分移轉,11710000
RPPNMLMKPHIGFCP88CB,順天段,25.75,都市：住,88221,2575,持分移轉,07450000
RPPNMLMKPHIGFCP88CB,順天段,.51,都市：其他:道路用地,11836,51,持分移轉,07720001
RPQNMLMKPHIGFCP98CB,順天段,25.75,都市：住,88221,2575,持分移轉,07450000
RPQNMLMKPHIGFCP98CB,順天段,.51,都市：其他:道路用地,11836,51,持分移轉,07720001
RPPNMLNKPHIGFAP78CB,北環段,57.34,都市：住,16,1,持分移轉,03320000
RPRNMLMKPHIGFCP09CB,順天段,25.75,都市：住,88221,2575,持分移轉,07450000
RPRNMLMKPHIGFCP09CB,順天段,.51,都市：其他:道路用地,11836,51,持分移轉,07720001
RPQNMLNKPHIGFAP88CB,北環段,57.34,都市：住,16,1,持分移轉,03320000
RPRNMLNKPHIGFAP98CB,虎溪段,30.47,非都市：鄉村區 ; 非都市編定：乙種建築用地,100000,1313,持分移轉,15560000
RPPNMLNKPHIGFDP09CB,菜園段,50.62,都市：住,10000,427,持分移轉,07040003
RPUNMLNKPHIGFAP66CB,大美段,125.80,非都市：一般農業區 ; 非都市編定：甲種建築用地,1,1,全筆移轉,01670041
RPUNMLNKPHIGFAP66CB,大美段,6.66,非都市：一般農業區 ; 非都市編定：甲種建築用地,10000,229,持分移轉,01670044
RPUNMLNKPHIGFAP66CB,大美段,30.26,非都市：一般農業區 ; 非都市編定：甲種建築用地,100000,3151,持分移轉,01670045
RPVNMLNKPHIGFDP07CB,大學段,84.00,都市：住,1,1,全筆移轉,00210027
RPVNMLNKPHIGFDP07CB,大學段,28.50,都市：住,10,1,持分移轉,00210028
RPPNMLNKPHIGFEP56CB,新北段,87.97,都市：住,1,1,全筆移轉,16840043
RPPNMLNKPHIGFEP56CB,新北段,15.97,都市：住,10000,238,持分移轉,16840020
RPPNMLNJPHIGFCP88CB,埔西段,71.80,都市：住,1,1,全筆移轉,04810013
RPPNMLNJPHIGFCP88CB,埔西段,5.67,都市：住,1,1,全筆移轉,04810073
RPPNMLNJPHIGFCP88CB,埔西段,1.36,都市：住,48,1,持分移轉,04810065
RPPNMLNJPHIGFCP88CB,埔西段,.20,都市：住,48,1,持分移轉,04810077
RPPNMLNJPHIGFCP88CB,埔西段,5.30,都市：住,48,1,持分移轉,04810066
RPPNMLMJPHIGFCP78CB,崩溝寮段,91.00,非都市：鄉村區 ; 非都市編定：乙種建築用地,1,1,全筆移轉,01530073
RPPNMLMJPHIGFCP78CB,崩溝寮段,11.53,非都市：鄉村區 ; 非都市編定：乙種建築用地,17,1,持分移轉,01530053
RPPNMLMJPHIGFCP78CB,崩溝寮段,21.76,非都市：鄉村區 ; 非都市編定：乙種建築用地,17,1,持分移轉,01530030
RPPNMLOJPHIGFCP98CB,漢北段,189.65,都市：住,1,1,全筆移轉,06940016
RPPNMLOJPHIGFCP98CB,漢北段,6.72,都市：住,69,1,持分移轉,03630003
RPPNMLOJPHIGFCP98CB,漢北段,7.14,都市：住,69,1,持分移轉,04220003
RPRNMLOJPHIGFCP56CB,漢北段,112.14,都市：住,1,1,全筆移轉,06940012
RPPNMLOJPHIGFCP98CB,漢北段,3.97,都市：住,69,1,持分移轉,06940003
RPRNMLOJPHIGFCP56CB,漢北段,6.72,都市：住,69,1,持分移轉,03630003
RPRNMLOJPHIGFCP56CB,漢北段,7.14,都市：住,69,1,持分移轉,04220003
RPPNMLOJPHIGFCP98CB,漢北段,5.28,都市：其他:道路用地,69,1,持分移轉,03650000
RPRNMLOJPHIGFCP56CB,漢北段,3.97,都市：住,69,1,持分移轉,06940003
RPRNMLOJPHIGFCP56CB,漢北段,5.28,都市：其他:道路用地,69,1,持分移轉,03650000
RPRNMLOJPHIGFCP56CB,漢北段,5.25,都市：其他:道路用地,69,1,持分移轉,04210000
RPPNMLOJPHIGFCP98CB,漢北段,5.25,都市：其他:道路用地,69,1,持分移轉,04210000
RPRNMLOJPHIGFCP56CB,漢北段,2.05,都市：其他:道路用地,69,1,持分移轉,03820000
RPRNMLOJPHIGFCP56CB,漢北段,.16,都市：其他:道路用地,129,1,持分移轉,03700000
RPPNMLOJPHIGFCP98CB,漢北段,2.05,都市：其他:道路用地,69,1,持分移轉,03820000
RPRNMLOJPHIGFCP56CB,漢北段,.15,都市：住,69,1,持分移轉,06940018
RPPNMLOJPHIGFCP98CB,漢北段,.16,都市：其他:道路用地,129,1,持分移轉,03700000
RPPNMLOJPHIGFCP98CB,漢北段,.15,都市：住,69,1,持分移轉,06940018
RPQNMLOJPHIGFCP09CB,漢北段,109.23,都市：住,1,1,全筆移轉,03630021
RPQNMLOJPHIGFCP09CB,漢北段,6.72,都市：住,69,1,持分移轉,03630003
RPQNMLOJPHIGFCP09CB,漢北段,7.14,都市：住,69,1,持分移轉,04220003
RPQNMLOJPHIGFCP09CB,漢北段,3.97,都市：住,69,1,持分移轉,06940003
RPQNMLOJPHIGFCP09CB,漢北段,5.28,都市：其他:道路用地,69,1,持分移轉,03650000
RPQNMLOJPHIGFCP09CB,漢北段,5.25,都市：其他:道路用地,69,1,持分移轉,04210000
RPQNMLOJPHIGFCP09CB,漢北段,2.05,都市：其他:道路用地,69,1,持分移轉,03820000
RPQNMLOJPHIGFCP09CB,漢北段,.16,都市：其他:道路用地,129,1,持分移轉,03700000
RPQNMLOJPHIGFCP09CB,漢北段,.15,都市：住,69,1,持分移轉,06940018
RPQNMLNKPHIGFEP66CB,新北段,88.73,都市：住,1,1,全筆移轉,16840052
RPQNMLNKPHIGFEP66CB,新北段,15.97,都市：住,10000,238,持分移轉,16840020
RPQNMLOKPHIGFFP86CB,橋頭段,31.08,非都市：鄉村區 ; 非都市編定：乙種建築用地,100000,1514,持分移轉,12360000
RPQNMLOKPHIGFFP86CB,橋頭段,.11,非都市：鄉村區 ; 非都市編定：乙種建築用地,100000,1514,持分移轉,12360011
RPQNMLOKPHIGFFP86CB,橋頭段,4.13,非都市：鄉村區 ; 非都市編定：乙種建築用地,106200,493,持分移轉,12360007
RPPNMLOKPHIGFFP76CB,橋頭段,76.86,非都市：鄉村區 ; 非都市編定：乙種建築用地,1,1,全筆移轉,12360024
RPPNMLOKPHIGFFP76CB,橋頭段,1.93,非都市：鄉村區 ; 非都市編定：乙種建築用地,12,1,持分移轉,12360026
RPPNMLOKPHIGFFP76CB,橋頭段,4.13,非都市：鄉村區 ; 非都市編定：乙種建築用地,106200,493,持分移轉,12360007
RPRNMLOKPHIGFFP96CB,橋頭段,19.81,非都市：鄉村區 ; 非都市編定：乙種建築用地,100000,965,持分移轉,12360000
RPRNMLOKPHIGFFP96CB,橋頭段,.07,非都市：鄉村區 ; 非都市編定：乙種建築用地,100000,965,持分移轉,12360011
RPRNMLOKPHIGFFP96CB,橋頭段,4.13,非都市：鄉村區 ; 非都市編定：乙種建築用地,106200,493,持分移轉,12360007
RPSNMLOKPHIGFFP07CB,橋頭段,19.81,非都市：鄉村區 ; 非都市編定：乙種建築用地,100000,965,持分移轉,12360000
RPSNMLOKPHIGFFP07CB,橋頭段,.07,非都市：鄉村區 ; 非都市編定：乙種建築用地,100000,965,持分移轉,12360011
RPSNMLOKPHIGFFP07CB,橋頭段,4.13,非都市：鄉村區 ; 非都市編定：乙種建築用地,106200,493,持分移轉,12360007
RPPNMLRKPHIGFAP56CB,林頭段,38.95,都市：住,89300,3895,持分移轉,17520000
RPPNMLOKPHIGFDP56CB,立仁段,.78,都市：商,189731,1097,持分移轉,05990000
RPPNMLOKPHIGFDP56CB,立仁段,.01,都市：商,189731,1097,持分移轉,05990000
RPPNMLOKPHIGFDP56CB,立仁段,.01,都市：商,189731,1097,持分移轉,05990000
RPPNMLOKPHIGFDP56CB,立仁段,.61,都市：商,189731,1097,持分移轉,05990000
RPPNMLOKPHIGFDP56CB,立仁段,.95,都市：商,189731,1097,持分移轉,05990000
RPPNMLOKPHIGFDP56CB,立仁段,3.93,都市：商,189731,1097,持分移轉,05990000
RPPNMLOKPHIGFDP56CB,立仁段,.81,都市：商,189731,1097,持分移轉,05990000
RPPNMLRKPHIGFBP76DB,僑真段,14.75,都市：住,100000,2759,持分移轉,06380000
RPPNMLPKPHIGFAP98CB,雲林溪段,12.27,都市：商,202785,1227,持分移轉,01590000
RPPNMLOKPHIGFDP56CB,立仁段,.20,都市：商,189731,1097,持分移轉,05990000
RPPNMLRKPHIGFBP76DB,僑真段,14.75,都市：住,100000,2759,持分移轉,06380001
RPPNMLRKPHIGFCP76CB,順天段,25.75,都市：住,88221,2575,持分移轉,07450000
RPPNMLOKPHIGFDP56CB,立仁段,.39,都市：商,189731,1097,持分移轉,05990000
RPPNMLOKPHIGFDP56CB,立仁段,.92,都市：商,189731,1097,持分移轉,05990000
RPPNMLRKPHIGFCP76CB,順天段,.51,都市：其他:道路用地,11836,51,持分移轉,07720001
RPPNMLOKPHIGFDP56CB,立仁段,2.36,都市：商,189731,1097,持分移轉,05990000
RPPNMLSKPHIGFAP66CB,明德段,4.12,非都市：鄉村區 ; 非都市編定：乙種建築用地,100000,3114,持分移轉,02120000
RPPNMLSKPHIGFAP66CB,明德段,.71,非都市：鄉村區 ; 非都市編定：乙種建築用地,100000,3114,持分移轉,02130000
RPPNMLSKPHIGFAP66CB,明德段,1.48,非都市：鄉村區 ; 非都市編定：乙種建築用地,100000,3114,持分移轉,02140000
RPPNMLSKPHIGFAP66CB,明德段,2.48,非都市：鄉村區 ; 非都市編定：乙種建築用地,100000,3114,持分移轉,02150000
RPPNMLSKPHIGFAP66CB,明德段,3.11,非都市：鄉村區 ; 非都市編定：乙種建築用地,100000,3114,持分移轉,02160000
RPPNMLSKPHIGFAP66CB,明德段,2.11,非都市：鄉村區 ; 非都市編定：乙種建築用地,100000,3114,持分移轉,02170000
RPPNMLSKPHIGFAP66CB,明德段,2.74,非都市：鄉村區 ; 非都市編定：乙種建築用地,100000,3114,持分移轉,02180000
RPPNMLSKPHIGFAP66CB,明德段,6.24,非都市：鄉村區 ; 非都市編定：乙種建築用地,100000,3114,持分移轉,02190000
RPPNMLSKPHIGFAP66CB,明德段,1.34,非都市：鄉村區 ; 非都市編定：乙種建築用地,100000,3114,持分移轉,02200000
RPQNMLSKPHIGFAP76CB,三平段,23.93,都市：住,10000,116,持分移轉,00220000
RPRNMLSKPHIGFAP86CB,明德段,5.36,非都市：鄉村區 ; 非都市編定：乙種建築用地,100000,4050,持分移轉,02120000
RPRNMLSKPHIGFAP86CB,明德段,.92,非都市：鄉村區 ; 非都市編定：乙種建築用地,100000,4050,持分移轉,02130000
RPRNMLSKPHIGFAP86CB,明德段,1.93,非都市：鄉村區 ; 非都市編定：乙種建築用地,100000,4050,持分移轉,02140000
RPRNMLSKPHIGFAP86CB,明德段,3.22,非都市：鄉村區 ; 非都市編定：乙種建築用地,100000,4050,持分移轉,02150000
RPRNMLSKPHIGFAP86CB,明德段,4.04,非都市：鄉村區 ; 非都市編定：乙種建築用地,100000,4050,持分移轉,02160000
RPRNMLSKPHIGFAP86CB,明德段,2.74,非都市：鄉村區 ; 非都市編定：乙種建築用地,100000,4050,持分移轉,02170000
RPRNMLSKPHIGFAP86CB,明德段,3.56,非都市：鄉村區 ; 非都市編定：乙種建築用地,100000,4050,持分移轉,02180000
RPRNMLSKPHIGFAP86CB,明德段,8.11,非都市：鄉村區 ; 非都市編定：乙種建築用地,100000,4050,持分移轉,02190000
RPRNMLSKPHIGFAP86CB,明德段,1.74,非都市：鄉村區 ; 非都市編定：乙種建築用地,100000,4050,持分移轉,02200000
RPSNMLSKPHIGFAP96CB,明德段,3.91,非都市：鄉村區 ; 非都市編定：乙種建築用地,100000,2959,持分移轉,02120000
RPSNMLSKPHIGFAP96CB,明德段,.67,非都市：鄉村區 ; 非都市編定：乙種建築用地,100000,2959,持分移轉,02130000
RPSNMLSKPHIGFAP96CB,明德段,1.41,非都市：鄉村區 ; 非都市編定：乙種建築用地,100000,2959,持分移轉,02140000
RPSNMLSKPHIGFAP96CB,明德段,2.36,非都市：鄉村區 ; 非都市編定：乙種建築用地,100000,2959,持分移轉,02150000
RPSNMLSKPHIGFAP96CB,明德段,2.95,非都市：鄉村區 ; 非都市編定：乙種建築用地,100000,2959,持分移轉,02160000
RPSNMLSKPHIGFAP96CB,明德段,2.00,非都市：鄉村區 ; 非都市編定：乙種建築用地,100000,2959,持分移轉,02170000
RPSNMLSKPHIGFAP96CB,明德段,2.60,非都市：鄉村區 ; 非都市編定：乙種建築用地,100000,2959,持分移轉,02180000
RPSNMLSKPHIGFAP96CB,明德段,5.92,非都市：鄉村區 ; 非都市編定：乙種建築用地,100000,2959,持分移轉,02190000
RPSNMLSKPHIGFAP96CB,明德段,1.27,非都市：鄉村區 ; 非都市編定：乙種建築用地,100000,2959,持分移轉,02200000
RPQNMLTKPHIGFFP37CB,山寮段,103.61,非都市：鄉村區 ; 非都市編定：乙種建築用地,1,1,全筆移轉,08880014
RPQNMLTKPHIGFFP37CB,山寮段,.65,非都市：鄉村區 ; 非都市編定：乙種建築用地,32,1,持分移轉,08880012
RPQNMLTKPHIGFFP37CB,山寮段,.63,非都市：鄉村區 ; 非都市編定：乙種建築用地,32,1,持分移轉,08880013
RPQNMLTKPHIGFFP37CB,山寮段,24.07,非都市：鄉村區 ; 非都市編定：乙種建築用地,32,1,持分移轉,08880020
RPQNMLTKPHIGFFP37CB,山寮段,.38,非都市：鄉村區 ; 非都市編定：乙種建築用地,32,1,持分移轉,08880034
RPQNMLTKPHIGFFP37CB,山寮段,.19,非都市：鄉村區 ; 非都市編定：乙種建築用地,32,1,持分移轉,08880041
RPPNMLTKPHIGFFP27CB,山寮段,85.09,非都市：鄉村區 ; 非都市編定：乙種建築用地,1,1,全筆移轉,08880009
RPPNMLTKPHIGFFP27CB,山寮段,.65,非都市：鄉村區 ; 非都市編定：乙種建築用地,32,1,持分移轉,08880012
RPPNMLTKPHIGFFP27CB,山寮段,.63,非都市：鄉村區 ; 非都市編定：乙種建築用地,32,1,持分移轉,08880013
RPPNMLTKPHIGFFP27CB,山寮段,24.07,非都市：鄉村區 ; 非都市編定：乙種建築用地,32,1,持分移轉,08880020
RPPNMLTKPHIGFFP27CB,山寮段,.38,非都市：鄉村區 ; 非都市編定：乙種建築用地,32,1,持分移轉,08880034
RPPNMLTKPHIGFFP27CB,山寮段,.19,非都市：鄉村區 ; 非都市編定：乙種建築用地,32,1,持分移轉,08880041
RPPNMLTKPHIGFFP27CB,山寮段,20.27,非都市：鄉村區 ; 非都市編定：乙種建築用地,1,1,全筆移轉,08880010
RPPNMLKLPHIGFFP09CB,橋頭段,29.19,非都市：鄉村區 ; 非都市編定：乙種建築用地,100000,1422,持分移轉,12360000
RPPNMLKLPHIGFFP09CB,橋頭段,.10,非都市：鄉村區 ; 非都市編定：乙種建築用地,100000,1422,持分移轉,12360011
RPPNMLKLPHIGFFP09CB,橋頭段,4.13,非都市：鄉村區 ; 非都市編定：乙種建築用地,106200,493,持分移轉,12360007
RPQNMLTKPHIGFDP17CB,大學段,86.88,都市：住,368950,8688,持分移轉,03550003
RPPNMLTKPHIGFDP07CB,大學段,88.35,都市：住,368950,8835,持分移轉,03550003
RPPNMLTKPHIGFDP07CB,大學段,26.71,都市：住,368950,2671,持分移轉,03550003
RPPNMLKLPHIGFAP58CB,大潭段社口小段,28.95,都市：住,1000000,33353,持分移轉,01750001
RPQNMLKLPHIGFAP68CB,大潭段社口小段,28.87,都市：住,1000000,33260,持分移轉,01750001
RPRNMLKLPHIGFAP78CB,北環段,25.27,都市：住,1000000,28562,持分移轉,00370000
RPPNMLKLPHIGFBP68CB,僑真段,34.09,非都市：特定農業區 ; 非都市編定：甲種建築用地,100000,2371,持分移轉,07680000
RPQNMLLLPHIGFAP78CB,石農段,19.30,非都市：鄉村區 ; 非都市編定：乙種建築用地,84004,1930,持分移轉,01020000
RPQNMLLLPHIGFAP78CB,石農段,9.64,非都市：鄉村區 ; 非都市編定：乙種建築用地,42002,964,持分移轉,01030000
RPPNMLLLPHIGFEP09CB,太平段,28.87,都市：住,10000,157,持分移轉,11720000
RPPNMLLLPHIGFEP09CB,太平段,.76,都市：住,10000,157,持分移轉,11710000
RPPNMLMLPHIGFCP98CB,西螺段,107.00,都市：住,1,1,全筆移轉,10630026
RPPNMLMLPHIGFCP98CB,西螺段,11.44,都市：住,100000,2274,持分移轉,10630014
RPPNMLOLPHIGFCP56CB,漢北段,130.75,都市：住,1,1,全筆移轉,04220006
RPPNMLOLPHIGFCP56CB,漢北段,6.72,都市：住,69,1,持分移轉,03630003
RPPNMLOLPHIGFCP56CB,漢北段,7.14,都市：住,69,1,持分移轉,04220003
RPPNMLOLPHIGFCP56CB,漢北段,3.97,都市：住,69,1,持分移轉,06940003
RPPNMLOLPHIGFCP56CB,漢北段,5.28,都市：其他:道路用地,69,1,持分移轉,03650000
RPPNMLOLPHIGFCP56CB,漢北段,5.25,都市：其他:道路用地,69,1,持分移轉,04210000
RPPNMLOLPHIGFCP56CB,漢北段,2.05,都市：其他:道路用地,69,1,持分移轉,03820000
RPPNMLOLPHIGFCP56CB,漢北段,.16,都市：其他:道路用地,129,1,持分移轉,03700000
RPPNMLOLPHIGFCP56CB,漢北段,.15,都市：住,69,1,持分移轉,06940018
RPQNMLOLPHIGFCP66CB,漢北段,122.37,都市：住,1,1,全筆移轉,03630025
RPQNMLOLPHIGFCP66CB,漢北段,6.72,都市：住,69,1,持分移轉,03630003
RPQNMLOLPHIGFCP66CB,漢北段,7.14,都市：住,69,1,持分移轉,04220003
RPQNMLOLPHIGFCP66CB,漢北段,3.97,都市：住,69,1,持分移轉,06940003
RPQNMLOLPHIGFCP66CB,漢北段,5.28,都市：其他:道路用地,69,1,持分移轉,03650000
RPQNMLOLPHIGFCP66CB,漢北段,5.25,都市：其他:道路用地,69,1,持分移轉,04210000
RPQNMLOLPHIGFCP66CB,漢北段,2.05,都市：其他:道路用地,69,1,持分移轉,03820000
RPQNMLOLPHIGFCP66CB,漢北段,.16,都市：其他:道路用地,129,1,持分移轉,03700000
RPQNMLOLPHIGFCP66CB,漢北段,.15,都市：住,69,1,持分移轉,06940018
RPPNMLOLPHIGFAP98CB,光明段,86.06,非都市：工業區 ; 非都市編定：丁種建築用地,1,1,全筆移轉,04070000
RPUNMLTKPHIGFDP57CB,忠東段,98.91,都市：住,1,1,全筆移轉,03440015
RPVNMLKLPHIGFDP86CB,忠東段,90.01,都市：住,1,1,全筆移轉,03440007
RPPNMLPLPHIGFDP76CB,大學段,86.94,都市：住,474836,8694,持分移轉,02210000
RPUNMLTKPHIGFDP57CB,忠東段,30.64,都市：住,12,1,持分移轉,03440019
RPVNMLKLPHIGFDP86CB,忠東段,30.64,都市：住,12,1,持分移轉,03440019
RPTNMLTKPHIGFDP47CB,忠東段,87.94,都市：住,1,1,全筆移轉,03440008
RPTNMLTKPHIGFDP47CB,忠東段,30.64,都市：住,12,1,持分移轉,03440019
RPRNMLTKPHIGFDP27CB,高南段,110.34,都市：住,11034,11034,全筆移轉,04090011
RPROMLOLPHIGFDP96CB,大學段,45.49,都市：住,10000,175,持分移轉,02800000
RPRNMLKLPHIGFDP09CB,忠東段,87.79,都市：住,1,1,全筆移轉,03440009
RPQNMLPLPHIGFDP86CB,大學段,72.48,都市：住,474836,7248,持分移轉,02210000
RPRNMLKLPHIGFDP09CB,忠東段,30.64,都市：住,12,1,持分移轉,03440019
RPQNMLPLPHIGFDP86CB,大學段,19.64,都市：住,474836,1964,持分移轉,02210000
RPRNMLPLPHIGFDP96CB,大學段,72.66,都市：住,474836,7266,持分移轉,02210000
RPRNMLPLPHIGFDP96CB,大學段,19.64,都市：住,474836,1964,持分移轉,02210000
RPQOMLOLPHIGFDP86CB,大學段,24.43,都市：住,10000,94,持分移轉,02800000
RPTNMLPLPHIGFDP17CB,大學段,72.48,都市：住,474836,7248,持分移轉,02210000
RPTNMLPLPHIGFDP17CB,大學段,19.64,都市：住,474836,1964,持分移轉,02210000
RPSNMLPLPHIGFDP07CB,大學段,86.94,都市：住,474836,8694,持分移轉,02210000
RPUNMLPLPHIGFDP27CB,大學段,72.48,都市：住,474836,7248,持分移轉,02210000
RPUNMLPLPHIGFDP27CB,大學段,19.64,都市：住,474836,1964,持分移轉,02210000
RPQOMLPLPHIGFDP96CB,大學段,86.94,都市：住,474836,8694,持分移轉,02210000
RPVNMLPLPHIGFDP37CB,大學段,72.48,都市：住,474836,7248,持分移轉,02210000
RPPOMLPLPHIGFDP86CB,大學段,72.66,都市：住,474836,7266,持分移轉,02210000
RPVNMLPLPHIGFDP37CB,大學段,19.64,都市：住,474836,1964,持分移轉,02210000
RPPOMLPLPHIGFDP86CB,大學段,19.64,都市：住,474836,1964,持分移轉,02210000
RPXNMLPLPHIGFDP57CB,大學段,72.66,都市：住,474836,7266,持分移轉,02210000
RPXNMLPLPHIGFDP57CB,大學段,19.64,都市：住,474836,1964,持分移轉,02210000
RPROMLPLPHIGFDP07CB,大學段,88.40,都市：住,474836,8840,持分移轉,02210000
RPOOMLPLPHIGFDP76CB,大學段,72.48,都市：住,474836,7248,持分移轉,02210000
RPOOMLPLPHIGFDP76CB,大學段,19.64,都市：住,474836,1964,持分移轉,02210000
RPWNMLPLPHIGFDP47CB,大學段,86.94,都市：住,474836,8694,持分移轉,02210000
RPSOMLPLPHIGFDP17CB,大學段,72.66,都市：住,474836,7266,持分移轉,02210000
RPSOMLPLPHIGFDP17CB,大學段,19.64,都市：住,474836,1964,持分移轉,02210000
RPTOMLPLPHIGFDP27CB,大學段,72.48,都市：住,474836,7248,持分移轉,02210000
RPTOMLPLPHIGFDP27CB,大學段,19.64,都市：住,474836,1964,持分移轉,02210000
RPUOMLPLPHIGFDP37CB,大學段,88.24,都市：住,474836,8824,持分移轉,02210000
RPVOMLPLPHIGFDP47CB,大學段,72.66,都市：住,474836,7266,持分移轉,02210000
RPOPMLPLPHIGFDP86CB,大學段,156.49,都市：住,474836,15649,持分移轉,02210000
RPVOMLPLPHIGFDP47CB,大學段,19.64,都市：住,474836,1964,持分移轉,02210000
RPXOMLPLPHIGFDP67CB,大學段,106.76,都市：住,474836,10676,持分移轉,02210000
RPWOMLPLPHIGFDP57CB,大學段,72.48,都市：住,474836,7248,持分移轉,02210000
RPWOMLPLPHIGFDP57CB,大學段,19.64,都市：住,474836,1964,持分移轉,02210000
RPQPMLPLPHIGFDP07CB,大學段,72.48,都市：住,474836,7248,持分移轉,02210000
RPQPMLPLPHIGFDP07CB,大學段,19.64,都市：住,474836,1964,持分移轉,02210000
RPPPMLPLPHIGFDP96CB,大學段,72.66,都市：住,474836,7266,持分移轉,02210000
RPPPMLPLPHIGFDP96CB,大學段,19.64,都市：住,474836,1964,持分移轉,02210000
RPRPMLPLPHIGFDP17CB,大學段,72.66,都市：住,474836,7266,持分移轉,02210000
RPRPMLPLPHIGFDP17CB,大學段,19.64,都市：住,474836,1964,持分移轉,02210000
RPSPMLPLPHIGFDP27CB,大學段,88.68,都市：住,474836,8868,持分移轉,02210000
RPVPMLPLPHIGFDP57CB,大學段,72.48,都市：住,474836,7248,持分移轉,02210000
RPVPMLPLPHIGFDP57CB,大學段,19.64,都市：住,474836,1964,持分移轉,02210000
RPUPMLPLPHIGFDP47CB,大學段,72.48,都市：住,474836,7248,持分移轉,02210000
RPUPMLPLPHIGFDP47CB,大學段,19.64,都市：住,474836,1964,持分移轉,02210000
RPWPMLPLPHIGFDP67CB,大學段,72.66,都市：住,474836,7266,持分移轉,02210000
RPWPMLPLPHIGFDP67CB,大學段,19.64,都市：住,474836,1964,持分移轉,02210000
RPOQMLPLPHIGFDP96CB,大學段,72.66,都市：住,474836,7266,持分移轉,02210000
RPOQMLPLPHIGFDP96CB,大學段,19.64,都市：住,474836,1964,持分移轉,02210000
RPTPMLPLPHIGFDP37CB,大學段,72.48,都市：住,474836,7248,持分移轉,02210000
RPTPMLPLPHIGFDP37CB,大學段,19.64,都市：住,474836,1964,持分移轉,02210000
RPXPMLPLPHIGFDP77CB,大學段,72.66,都市：住,474836,7266,持分移轉,02210000
RPXPMLPLPHIGFDP77CB,大學段,19.64,都市：住,474836,1964,持分移轉,02210000
RPPQMLPLPHIGFDP07CB,大學段,86.59,都市：住,474836,8659,持分移轉,02210000
RPQQMLPLPHIGFDP17CB,大學段,88.68,都市：住,474836,8868,持分移轉,02210000
RPRQMLPLPHIGFDP27CB,大學段,72.48,都市：住,474836,7248,持分移轉,02210000
RPRQMLPLPHIGFDP27CB,大學段,19.64,都市：住,474836,1964,持分移轉,02210000
RPSQMLPLPHIGFDP37CB,大學段,72.48,都市：住,474836,7248,持分移轉,02210000
RPSQMLPLPHIGFDP37CB,大學段,19.64,都市：住,474836,1964,持分移轉,02210000
RPTQMLPLPHIGFDP47CB,大學段,72.66,都市：住,474836,7266,持分移轉,02210000
RPTQMLPLPHIGFDP47CB,大學段,19.64,都市：住,474836,1964,持分移轉,02210000
RPWQMLPLPHIGFDP77CB,大學段,72.66,都市：住,474836,7266,持分移轉,02210000
RPWQMLPLPHIGFDP77CB,大學段,19.64,都市：住,474836,1964,持分移轉,02210000
RPVQMLPLPHIGFDP67CB,大學段,72.48,都市：住,474836,7248,持分移轉,02210000
RPXQMLPLPHIGFDP87CB,大學段,72.66,都市：住,474836,7266,持分移轉,02210000
RPVQMLPLPHIGFDP67CB,大學段,19.64,都市：住,474836,1964,持分移轉,02210000
RPXQMLPLPHIGFDP87CB,大學段,19.64,都市：住,474836,1964,持分移轉,02210000
RPUQMLPLPHIGFDP57CB,大學段,72.48,都市：住,474836,7248,持分移轉,02210000
RPUQMLPLPHIGFDP57CB,大學段,19.64,都市：住,474836,1964,持分移轉,02210000
RPPRMLPLPHIGFDP17CB,大學段,72.66,都市：住,474836,7266,持分移轉,02210000
RPPRMLPLPHIGFDP17CB,大學段,19.64,都市：住,474836,1964,持分移轉,02210000
RPORMLPLPHIGFDP07CB,大學段,72.48,都市：住,474836,7248,持分移轉,02210000
RPORMLPLPHIGFDP07CB,大學段,19.64,都市：住,474836,1964,持分移轉,02210000
RPQRMLPLPHIGFDP27CB,大學段,72.66,都市：住,474836,7266,持分移轉,02210000
RPQRMLPLPHIGFDP27CB,大學段,19.64,都市：住,474836,1964,持分移轉,02210000
RPRRMLPLPHIGFDP37CB,大學段,72.66,都市：住,474836,7266,持分移轉,02210000
RPRRMLPLPHIGFDP37CB,大學段,19.64,都市：住,474836,1964,持分移轉,02210000
RPSRMLPLPHIGFDP47CB,大學段,72.66,都市：住,474836,7266,持分移轉,02210000
RPSRMLPLPHIGFDP47CB,大學段,19.64,都市：住,474836,1964,持分移轉,02210000
RPTRMLPLPHIGFDP57CB,大學段,72.66,都市：住,474836,7266,持分移轉,02210000
RPURMLPLPHIGFDP67CB,大學段,72.48,都市：住,474836,7248,持分移轉,02210000
RPTRMLPLPHIGFDP57CB,大學段,19.64,都市：住,474836,1964,持分移轉,02210000
RPURMLPLPHIGFDP67CB,大學段,19.64,都市：住,474836,1964,持分移轉,02210000
RPVRMLPLPHIGFDP77CB,大學段,72.48,都市：住,474836,7248,持分移轉,02210000
RPVRMLPLPHIGFDP77CB,大學段,19.64,都市：住,474836,1964,持分移轉,02210000
RPPNMLPLPHIGFAP56DB,石榴段,87.06,非都市：一般農業區 ; 非都市編定：甲種建築用地,1,1,全筆移轉,03010021
RPPNMLPLPHIGFAP09CB,三平段,27.85,都市：住,10000,135,持分移轉,00220000
RPQNMLQLPHIGFBP76CB,北和段,97.94,都市：住,1,1,全筆移轉,02360004
RPQNMLQLPHIGFBP76CB,北和段,23.61,都市：住,5,1,持分移轉,02360000
RPPNMLQLPHIGFAP56CB,科加段,34.60,非都市：工業區 ; 非都市編定：丁種建築用地,10000,86,持分移轉,00060000
RPPNMLQLPHIGFAP56CB,科加段,3.36,非都市：工業區 ; 非都市編定：丁種建築用地,100000,686,持分移轉,00060002
RPSNMLQLPHIGFDP17CB,高南段,54.10,都市：住,347013,5410,持分移轉,03790000
RPSNMLQLPHIGFDP17CB,高南段,24.58,都市：住,347013,2458,持分移轉,03790000
RPTNMLQLPHIGFDP27CB,高南段,54.10,都市：住,347013,5410,持分移轉,03790000
RPTNMLQLPHIGFDP27CB,高南段,24.58,都市：住,347013,2458,持分移轉,03790000
RPPNMLRLPHIGFBP76CB,僑真段,34.22,非都市：特定農業區 ; 非都市編定：甲種建築用地,100000,2380,持分移轉,07680000
RPPNMLRLPHIGFAP66CB,新興段,58.00,都市：住,1,1,全筆移轉,04020010
RPPNMLRLPHIGFAP66CB,新興段,19.56,都市：住,9,1,持分移轉,04020017
RPPNMLRLPHIGFAP66CB,新興段,.78,都市：住,9,1,持分移轉,04020018
RPPNMLSLPHIGFAP76CB,雲林溪段,11.74,都市：商,202785,1174,持分移轉,01590000
RPPNMLLMPHIGFAP78CB,大崙段茄苳腳小段,28.13,非都市：鄉村區 ; 非都市編定：乙種建築用地,100000,4314,持分移轉,00860025
RPQNMLLMPHIGFAP88CB,新興段,53.00,都市：住,1,1,全筆移轉,04020015
RPQNMLLMPHIGFAP88CB,新興段,19.56,都市：住,9,1,持分移轉,04020017
RPQNMLLMPHIGFAP88CB,新興段,.78,都市：住,9,1,持分移轉,04020018
RPRNMLLMPHIGFAP98CB,石榴段,85.06,非都市：一般農業區 ; 非都市編定：甲種建築用地,1,1,全筆移轉,03210032
RPSNMLLMPHIGFAP09CB,大崙段茄苳腳小段,28.12,非都市：鄉村區 ; 非都市編定：乙種建築用地,100000,4313,持分移轉,00860025
RPPNMLLJQHIGFAP58CB,北環段,183.63,都市：住,8053,6121,持分移轉,03090004
RPQNMLLJQHIGFAP68CB,三平段,23.72,都市：住,10000,115,持分移轉,00220000
RPRNMLLJQHIGFAP78CB,三平段,24.55,都市：住,10000,119,持分移轉,00220000
RPQNMLLJQHIGFAP78DB,石榴段,99.98,非都市：一般農業區 ; 非都市編定：甲種建築用地,1,1,全筆移轉,03010000
RPPNMLLJQHIGFAP68DB,石榴段,81.03,非都市：一般農業區 ; 非都市編定：甲種建築用地,1,1,全筆移轉,03010012
RPQNMLLJQHIGFBP88DB,僑真段,9.86,都市：住,100000,1845,持分移轉,06380000
RPQNMLLJQHIGFBP88DB,僑真段,9.86,都市：住,100000,1845,持分移轉,06380001
RPPNMLLJQHIGFFP09CB,橋頭段,29.84,非都市：鄉村區 ; 非都市編定：乙種建築用地,100000,1590,持分移轉,10380001
RPRNMLLJQHIGFBP98DB,僑真段,9.29,都市：住,100000,1739,持分移轉,06380000
RPRNMLLJQHIGFBP98DB,僑真段,9.29,都市：住,100000,1739,持分移轉,06380001
RPPNMLLJQHIGFBP78DB,僑真段,9.86,都市：住,100000,1845,持分移轉,06380000
RPPNMLLJQHIGFBP78DB,僑真段,9.86,都市：住,100000,1845,持分移轉,06380001
RPPNMLMJQHIGFFP56CB,新吉段,87.87,非都市：鄉村區 ; 非都市編定：乙種建築用地,1,1,全筆移轉,03930003
RPPNMLMJQHIGFFP56CB,新吉段,39.93,非都市：鄉村區 ; 非都市編定：乙種建築用地,5,1,持分移轉,03930005
RPQNMLLJQHIGFFP56CB,橋頭段,32.09,非都市：鄉村區 ; 非都市編定：乙種建築用地,100000,1710,持分移轉,10380001
RPPNMLMJQHIGFAP68CB,科加段,34.60,非都市：工業區 ; 非都市編定：丁種建築用地,10000,86,持分移轉,00060000
RPPNMLMJQHIGFAP68CB,科加段,3.36,非都市：工業區 ; 非都市編定：丁種建築用地,100000,686,持分移轉,00060002
RPPNMLMJQHIGFDP98CB,高南段,23.34,都市：住,100000,1117,持分移轉,00600000
RPQNMLMJQHIGFDP09CB,高南段,24.30,都市：住,100000,1163,持分移轉,00600000
RPRNMLMJQHIGFDP56CB,高南段,23.28,都市：住,100000,1114,持分移轉,00600000
RPSNMLMJQHIGFDP66CB,高南段,23.15,都市：住,100000,1108,持分移轉,00600000
RPPNMLMJQHIGFBP78CB,明昌段,.02,都市：住,10000,2,持分移轉,10800000
RPPNMLMJQHIGFBP78CB,明昌段,27.27,都市：住,10000,610,持分移轉,10800001
RPPNMLNJQHIGFAP78CB,科加段,78.54,非都市：工業區 ; 非都市編定：丁種建築用地,1,1,全筆移轉,00070211
RPPNMLNJQHIGFAP78CB,科加段,4.20,非都市：工業區 ; 非都市編定：丁種建築用地,1,1,全筆移轉,00070212
RPPNMLNJQHIGFAP78CB,科加段,17.41,非都市：工業區 ; 非都市編定：丁種建築用地,10000,200,持分移轉,00070232
RPPNMLNJQHIGFAP78CB,科加段,.26,非都市：工業區 ; 非都市編定：丁種建築用地,39,1,持分移轉,00070231
RPQNMLNJQHIGFAP88CB,科加段,82.74,非都市：工業區 ; 非都市編定：丁種建築用地,1,1,全筆移轉,00070201
RPQNMLNJQHIGFAP88CB,科加段,17.41,非都市：工業區 ; 非都市編定：丁種建築用地,10000,200,持分移轉,00070232
RPQNMLNJQHIGFAP88CB,科加段,.26,非都市：工業區 ; 非都市編定：丁種建築用地,39,1,持分移轉,00070231
RPQNMLRJQHIGFAP66CB,斗六段,12.80,都市：住,8,1,持分移轉,09840002
RPPNMLOJQHIGFAP88CB,北環段,57.96,都市：住,8053,1932,持分移轉,03090004
RPQNMLRJQHIGFAP66CB,斗六段,12.80,都市：住,8,1,持分移轉,09840003
RPPNMLOJQHIGFAP88CB,北環段,120.80,都市：住,24159,6040,持分移轉,03090005
RPQNMLRJQHIGFAP66CB,斗六段,12.80,都市：住,8,1,持分移轉,09840004
RPPNMLSJQHIGFDP96CB,大學段,93.38,都市：住,1,1,全筆移轉,03540030
RPPNMLSJQHIGFDP96CB,大學段,.49,都市：住,34,1,持分移轉,03540013
RPPNMLSJQHIGFDP96CB,大學段,29.30,都市：住,24,1,持分移轉,03540002
RPPNMLRJQHIGFEP96CB,東陽段,138.02,都市：住,1,1,全筆移轉,01550037
RPQNMLSJQHIGFDP07CB,大學段,43.77,都市：住,101352,4377,持分移轉,02760000
RPQNMLTJQHIGFDP17CB,菜園段,8.14,都市：住,100000,2155,持分移轉,08090002
RPQNMLTJQHIGFDP17CB,菜園段,3.62,都市：住,100000,2155,持分移轉,08100002
RPQNMLTJQHIGFDP17CB,菜園段,69.89,都市：住,100000,2155,持分移轉,08820000
RPRNMLTJQHIGFDP27CB,高北段,43.16,都市：住,1000,35,持分移轉,01140000
RPRNMLSJQHIGFDP17CB,大學段,43.83,都市：住,101352,4383,持分移轉,02760000
RPPNMLTJQHIGFCP96CB,西螺段,101.00,都市：住,1,1,全筆移轉,08220261
RPPNMLTJQHIGFCP96CB,西螺段,20.50,都市：住,1,1,全筆移轉,08220312
RPPNMLTJQHIGFCP96CB,西螺段,26.81,都市：住,16,1,持分移轉,08220004
RPPNMLTJQHIGFFP27CB,橋頭段,116.00,非都市：鄉村區 ; 非都市編定：乙種建築用地,1,1,全筆移轉,08630007
RPPNMLTJQHIGFFP27CB,橋頭段,18.25,非都市：鄉村區 ; 非都市編定：乙種建築用地,10,1,持分移轉,08630012
RPPNMLTJQHIGFFP27CB,橋頭段,5.80,非都市：鄉村區 ; 非都市編定：乙種建築用地,10,1,持分移轉,08630013
RPPNMLTJQHIGFFP27CB,橋頭段,4.50,非都市：鄉村區 ; 非都市編定：乙種建築用地,20,1,持分移轉,08630001
RPQNMLTJQHIGFFP37CB,橋頭段,18.25,非都市：鄉村區 ; 非都市編定：乙種建築用地,10,1,持分移轉,08630012
RPQNMLTJQHIGFFP37CB,橋頭段,5.80,非都市：鄉村區 ; 非都市編定：乙種建築用地,10,1,持分移轉,08630013
RPQNMLTJQHIGFFP37CB,橋頭段,4.50,非都市：鄉村區 ; 非都市編定：乙種建築用地,20,1,持分移轉,08630001
RPQNMLTJQHIGFFP37CB,橋頭段,120.00,非都市：鄉村區 ; 非都市編定：乙種建築用地,1,1,全筆移轉,08630006
RPPNMLTJQHIGFDP17DB,大學段,92.86,都市：住,1,1,全筆移轉,00960009
RPQNMLKKQHIGFEP09CB,新北段,88.48,都市：住,1,1,全筆移轉,16840051
RPQNMLKKQHIGFEP09CB,新北段,15.97,都市：住,10000,238,持分移轉,16840020
RPQNMLKKQHIGFCP88CB,西螺段,34.58,都市：住,10000,650,持分移轉,09010001
RPQNMLKKQHIGFCP88CB,西螺段,4.27,都市：住,10000,175,持分移轉,09010002
RPRNMLKKQHIGFEP56CB,新北段,87.73,都市：住,1,1,全筆移轉,16840048
RPRNMLKKQHIGFEP56CB,新北段,15.97,都市：住,10000,238,持分移轉,16840020
RPSNMLKKQHIGFCP09CB,西螺段,34.74,都市：住,10000,653,持分移轉,09010001
RPSNMLKKQHIGFCP09CB,西螺段,4.29,都市：住,10000,176,持分移轉,09010002
RPPNMLNKQHIGFAP88CB,三平段,26.61,都市：住,10000,129,持分移轉,00220000
RPPNMLKKQHIGFAP58CB,科加段,80.14,非都市：工業區 ; 非都市編定：丁種建築用地,1,1,全筆移轉,00070213
RPPNMLKKQHIGFAP58CB,科加段,2.60,非都市：工業區 ; 非都市編定：丁種建築用地,1,1,全筆移轉,00070214
RPPNMLKKQHIGFAP58CB,科加段,17.41,非都市：工業區 ; 非都市編定：丁種建築用地,10000,200,持分移轉,00070232
RPPNMLKKQHIGFAP58CB,科加段,.26,非都市：工業區 ; 非都市編定：丁種建築用地,39,1,持分移轉,00070231
RPRNMLOKQHIGFAP56CB,石農段,23.25,非都市：鄉村區 ; 非都市編定：乙種建築用地,84004,2325,持分移轉,01020000
RPRNMLOKQHIGFAP56CB,石農段,11.63,非都市：鄉村區 ; 非都市編定：乙種建築用地,42002,1163,持分移轉,01030000
RPTNMLKKQHIGFCP56CB,西螺段,17.20,都市：住,10000,305,持分移轉,09010000
RPTNMLKKQHIGFCP56CB,西螺段,10.07,都市：住,10000,305,持分移轉,09010001
RPTNMLKKQHIGFCP56CB,西螺段,16.71,都市：住,10000,305,持分移轉,09000051
RPTNMLKKQHIGFCP56CB,西螺段,5.44,都市：住,10000,223,持分移轉,09010002
RPQNMLOKQHIGFBP56CB,中天段,3.71,都市：商,10000,119,持分移轉,03180000
RPQNMLOKQHIGFBP56CB,中天段,5.24,都市：商,10000,119,持分移轉,03180011
RPQNMLOKQHIGFBP56CB,中天段,2.09,都市：商,10000,119,持分移轉,03180012
RPQNMLOKQHIGFBP56CB,中天段,.71,都市：商,10000,119,持分移轉,03180018
RPQNMLOKQHIGFBP56CB,中天段,.71,都市：商,10000,119,持分移轉,03180019
RPQNMLOKQHIGFBP56CB,中天段,.45,都市：商,10000,119,持分移轉,03180020
RPQNMLOKQHIGFBP56CB,中天段,.33,都市：商,10000,119,持分移轉,03180021
RPQNMLOKQHIGFBP56CB,中天段,5.06,都市：商,10000,119,持分移轉,03180022
RPQNMLOKQHIGFBP56CB,中天段,6.21,都市：商,10000,119,持分移轉,03180023
RPPNMLOKQHIGFBP09CB,中天段,2.71,都市：商,10000,87,持分移轉,03180000
RPPNMLOKQHIGFBP09CB,中天段,3.83,都市：商,10000,87,持分移轉,03180011
RPPNMLOKQHIGFBP09CB,中天段,1.53,都市：商,10000,87,持分移轉,03180012
RPPNMLOKQHIGFBP09CB,中天段,.52,都市：商,10000,87,持分移轉,03180018
RPPNMLOKQHIGFBP09CB,中天段,.52,都市：商,10000,87,持分移轉,03180019
RPPNMLOKQHIGFBP09CB,中天段,.33,都市：商,10000,87,持分移轉,03180020
RPPNMLOKQHIGFBP09CB,中天段,.24,都市：商,10000,87,持分移轉,03180021
RPPNMLOKQHIGFBP09CB,中天段,3.70,都市：商,10000,87,持分移轉,03180022
RPPNMLOKQHIGFBP09CB,中天段,4.54,都市：商,10000,87,持分移轉,03180023
RPRNMLOKQHIGFBP66CB,中天段,2.46,都市：商,10000,79,持分移轉,03180000
RPRNMLOKQHIGFBP66CB,中天段,3.48,都市：商,10000,79,持分移轉,03180011
RPRNMLOKQHIGFBP66CB,中天段,1.39,都市：商,10000,79,持分移轉,03180012
RPRNMLOKQHIGFBP66CB,中天段,.47,都市：商,10000,79,持分移轉,03180018
RPRNMLOKQHIGFBP66CB,中天段,.47,都市：商,10000,79,持分移轉,03180019
RPRNMLOKQHIGFBP66CB,中天段,.30,都市：商,10000,79,持分移轉,03180020
RPRNMLOKQHIGFBP66CB,中天段,.22,都市：商,10000,79,持分移轉,03180021
RPRNMLOKQHIGFBP66CB,中天段,3.36,都市：商,10000,79,持分移轉,03180022
RPRNMLOKQHIGFBP66CB,中天段,4.12,都市：商,10000,79,持分移轉,03180023
RPUNMLOKQHIGFBP96CB,中天段,3.71,都市：商,10000,119,持分移轉,03180000
RPUNMLOKQHIGFBP96CB,中天段,5.24,都市：商,10000,119,持分移轉,03180011
RPUNMLOKQHIGFBP96CB,中天段,2.09,都市：商,10000,119,持分移轉,03180012
RPUNMLOKQHIGFBP96CB,中天段,.71,都市：商,10000,119,持分移轉,03180018
RPUNMLOKQHIGFBP96CB,中天段,.71,都市：商,10000,119,持分移轉,03180019
RPUNMLOKQHIGFBP96CB,中天段,.45,都市：商,10000,119,持分移轉,03180020
RPUNMLOKQHIGFBP96CB,中天段,.33,都市：商,10000,119,持分移轉,03180021
RPUNMLOKQHIGFBP96CB,中天段,5.06,都市：商,10000,119,持分移轉,03180022
RPUNMLOKQHIGFBP96CB,中天段,6.21,都市：商,10000,119,持分移轉,03180023
RPSNMLOKQHIGFBP76CB,中天段,2.71,都市：商,10000,87,持分移轉,03180000
RPSNMLOKQHIGFBP76CB,中天段,3.83,都市：商,10000,87,持分移轉,03180011
RPSNMLOKQHIGFBP76CB,中天段,1.53,都市：商,10000,87,持分移轉,03180012
RPSNMLOKQHIGFBP76CB,中天段,.52,都市：商,10000,87,持分移轉,03180018
RPSNMLOKQHIGFBP76CB,中天段,.52,都市：商,10000,87,持分移轉,03180019
RPSNMLOKQHIGFBP76CB,中天段,.33,都市：商,10000,87,持分移轉,03180020
RPSNMLOKQHIGFBP76CB,中天段,.24,都市：商,10000,87,持分移轉,03180021
RPSNMLOKQHIGFBP76CB,中天段,3.70,都市：商,10000,87,持分移轉,03180022
RPSNMLOKQHIGFBP76CB,中天段,4.54,都市：商,10000,87,持分移轉,03180023
RPVNMLOKQHIGFBP07CB,中天段,3.59,都市：商,10000,115,持分移轉,03180000
RPVNMLOKQHIGFBP07CB,中天段,5.06,都市：商,10000,115,持分移轉,03180011
RPVNMLOKQHIGFBP07CB,中天段,2.02,都市：商,10000,115,持分移轉,03180012
RPQNMLOKQHIGFDP76CB,高南段,22.69,都市：住,10000,77,持分移轉,00500000
RPVNMLOKQHIGFBP07CB,中天段,.69,都市：商,10000,115,持分移轉,03180018
RPVNMLOKQHIGFBP07CB,中天段,.69,都市：商,10000,115,持分移轉,03180019
RPVNMLOKQHIGFBP07CB,中天段,.44,都市：商,10000,115,持分移轉,03180020
RPVNMLOKQHIGFBP07CB,中天段,.32,都市：商,10000,115,持分移轉,03180021
RPVNMLOKQHIGFBP07CB,中天段,4.89,都市：商,10000,115,持分移轉,03180022
RPVNMLOKQHIGFBP07CB,中天段,6.00,都市：商,10000,115,持分移轉,03180023
RPTNMLOKQHIGFBP86CB,中天段,2.71,都市：商,10000,87,持分移轉,03180000
RPTNMLOKQHIGFBP86CB,中天段,3.83,都市：商,10000,87,持分移轉,03180011
RPPNMLOKQHIGFDP66CB,忠東段,94.36,都市：住,1,1,全筆移轉,03440016
RPPNMLOKQHIGFDP66CB,忠東段,30.64,都市：住,12,1,持分移轉,03440019
RPTNMLOKQHIGFBP86CB,中天段,1.53,都市：商,10000,87,持分移轉,03180012
RPTNMLOKQHIGFBP86CB,中天段,.52,都市：商,10000,87,持分移轉,03180018
RPTNMLOKQHIGFBP86CB,中天段,.52,都市：商,10000,87,持分移轉,03180019
RPTNMLOKQHIGFBP86CB,中天段,.33,都市：商,10000,87,持分移轉,03180020
RPTNMLOKQHIGFBP86CB,中天段,.24,都市：商,10000,87,持分移轉,03180021
RPTNMLOKQHIGFBP86CB,中天段,3.70,都市：商,10000,87,持分移轉,03180022
RPTNMLOKQHIGFBP86CB,中天段,4.54,都市：商,10000,87,持分移轉,03180023
RPRNMLOKQHIGFDP86CB,高南段,54.10,都市：住,347013,5410,持分移轉,03790000
RPRNMLOKQHIGFDP86CB,高南段,24.58,都市：住,347013,2458,持分移轉,03790000
RPPNMLPKQHIGFBP56CB,僑真段,135.00,都市：住,1,1,全筆移轉,01900001
RPQNMLPKQHIGFBP66CB,僑真段,103.00,都市：住,1,1,全筆移轉,01690000
RPRNMLPKQHIGFBP76CB,僑真段,112.90,都市：住,1,1,全筆移轉,01900002
RPPNMLPKQHIGFEP86CB,長興段,88.00,都市：住,1,1,全筆移轉,13720009
RPRNMLPKQHIGFBP76CB,僑真段,.10,都市：住,1,1,全筆移轉,01900003
RPPNMLPKQHIGFEP86CB,長興段,22.52,都市：住,10000,429,持分移轉,13720024
RPSNMLPKQHIGFBP86CB,中天段,3.59,都市：商,10000,115,持分移轉,03180000
RPSNMLPKQHIGFBP86CB,中天段,5.06,都市：商,10000,115,持分移轉,03180011
RPSNMLPKQHIGFBP86CB,中天段,2.02,都市：商,10000,115,持分移轉,03180012
RPSNMLPKQHIGFBP86CB,中天段,.69,都市：商,10000,115,持分移轉,03180018
RPSNMLPKQHIGFBP86CB,中天段,.69,都市：商,10000,115,持分移轉,03180019
RPSNMLPKQHIGFBP86CB,中天段,.44,都市：商,10000,115,持分移轉,03180020
RPSNMLPKQHIGFBP86CB,中天段,.32,都市：商,10000,115,持分移轉,03180021
RPSNMLPKQHIGFBP86CB,中天段,4.89,都市：商,10000,115,持分移轉,03180022
RPSNMLPKQHIGFBP86CB,中天段,6.00,都市：商,10000,115,持分移轉,03180023
RPTNMLPKQHIGFBP96CB,中天段,3.59,都市：商,10000,115,持分移轉,03180000
RPTNMLPKQHIGFBP96CB,中天段,5.06,都市：商,10000,115,持分移轉,03180011
RPPNMLPKQHIGFFP96CB,永吉段,171.89,非都市：一般農業區 ; 非都市編定：甲種建築用地,1000000,199177,持分移轉,02080000
RPTNMLPKQHIGFBP96CB,中天段,2.02,都市：商,10000,115,持分移轉,03180012
RPTNMLPKQHIGFBP96CB,中天段,.69,都市：商,10000,115,持分移轉,03180018
RPTNMLPKQHIGFBP96CB,中天段,.69,都市：商,10000,115,持分移轉,03180019
RPTNMLPKQHIGFBP96CB,中天段,.44,都市：商,10000,115,持分移轉,03180020
RPTNMLPKQHIGFBP96CB,中天段,.32,都市：商,10000,115,持分移轉,03180021
RPTNMLPKQHIGFBP96CB,中天段,4.89,都市：商,10000,115,持分移轉,03180022
RPTNMLPKQHIGFBP96CB,中天段,6.00,都市：商,10000,115,持分移轉,03180023
RPQNMLPKQHIGFFP07CB,永吉段,159.79,非都市：一般農業區 ; 非都市編定：甲種建築用地,1000000,185158,持分移轉,02080000
RPRNMLPKQHIGFFP17CB,永吉段,131.56,非都市：一般農業區 ; 非都市編定：甲種建築用地,1000000,152442,持分移轉,02080000
RPSNMLPKQHIGFFP27CB,永吉段,133.08,非都市：一般農業區 ; 非都市編定：甲種建築用地,1000000,154203,持分移轉,02080000
RPTNMLPKQHIGFFP37CB,永吉段,132.25,非都市：一般農業區 ; 非都市編定：甲種建築用地,1000000,153248,持分移轉,02080000
RPUNMLPKQHIGFFP47CB,永吉段,134.43,非都市：一般農業區 ; 非都市編定：甲種建築用地,1000000,155772,持分移轉,02080000
RPSNMLPKQHIGFDP17DB,大學段,35.06,都市：住,96146,3506,持分移轉,00960013
RPPNMLQKQHIGFFP07CB,橋頭段,19.81,非都市：鄉村區 ; 非都市編定：乙種建築用地,100000,965,持分移轉,12360000
RPPNMLQKQHIGFFP07CB,橋頭段,.07,非都市：鄉村區 ; 非都市編定：乙種建築用地,100000,965,持分移轉,12360011
RPPNMLQKQHIGFFP07CB,橋頭段,4.13,非都市：鄉村區 ; 非都市編定：乙種建築用地,106200,493,持分移轉,12360007
RPTNMLPKQHIGFDP27DB,大學段,41.66,都市：住,96146,4166,持分移轉,00960013
RPRNMLPKQHIGFDP07DB,大學段,41.66,都市：住,96146,4166,持分移轉,00960013
RPQNMLPKQHIGFDP96DB,大學段,38.57,都市：住,96146,3857,持分移轉,00960013
RPQNMLQKQHIGFFP17CB,橋頭段,19.81,非都市：鄉村區 ; 非都市編定：乙種建築用地,100000,965,持分移轉,12360000
RPQNMLQKQHIGFFP17CB,橋頭段,.07,非都市：鄉村區 ; 非都市編定：乙種建築用地,100000,965,持分移轉,12360011
RPQNMLQKQHIGFFP17CB,橋頭段,4.13,非都市：鄉村區 ; 非都市編定：乙種建築用地,106200,493,持分移轉,12360007
RPRNMLQKQHIGFFP27CB,橋頭段,19.81,非都市：鄉村區 ; 非都市編定：乙種建築用地,100000,965,持分移轉,12360000
RPRNMLQKQHIGFFP27CB,橋頭段,.07,非都市：鄉村區 ; 非都市編定：乙種建築用地,100000,965,持分移轉,12360011
RPRNMLQKQHIGFFP27CB,橋頭段,4.13,非都市：鄉村區 ; 非都市編定：乙種建築用地,106200,493,持分移轉,12360007
RPPNMLQKQHIGFBP66CB,中天段,2.71,都市：商,10000,87,持分移轉,03180000
RPPNMLQKQHIGFBP66CB,中天段,3.83,都市：商,10000,87,持分移轉,03180011
RPPNMLQKQHIGFBP66CB,中天段,1.53,都市：商,10000,87,持分移轉,03180012
RPPNMLQKQHIGFBP66CB,中天段,.52,都市：商,10000,87,持分移轉,03180018
RPPNMLQKQHIGFBP66CB,中天段,.52,都市：商,10000,87,持分移轉,03180019
RPPNMLQKQHIGFBP66CB,中天段,.33,都市：商,10000,87,持分移轉,03180020
RPPNMLQKQHIGFBP66CB,中天段,.24,都市：商,10000,87,持分移轉,03180021
RPPNMLQKQHIGFBP66CB,中天段,3.70,都市：商,10000,87,持分移轉,03180022
RPPNMLQKQHIGFBP66CB,中天段,4.54,都市：商,10000,87,持分移轉,03180023
RPQNMLQKQHIGFBP76CB,中天段,3.71,都市：商,10000,119,持分移轉,03180000
RPQNMLQKQHIGFBP76CB,中天段,5.24,都市：商,10000,119,持分移轉,03180011
RPQNMLQKQHIGFBP76CB,中天段,2.09,都市：商,10000,119,持分移轉,03180012
RPQNMLQKQHIGFBP76CB,中天段,.71,都市：商,10000,119,持分移轉,03180018
RPQNMLQKQHIGFBP76CB,中天段,.71,都市：商,10000,119,持分移轉,03180019
RPQNMLQKQHIGFBP76CB,中天段,.45,都市：商,10000,119,持分移轉,03180020
RPQNMLQKQHIGFBP76CB,中天段,.33,都市：商,10000,119,持分移轉,03180021
RPQNMLQKQHIGFBP76CB,中天段,5.06,都市：商,10000,119,持分移轉,03180022
RPQNMLQKQHIGFBP76CB,中天段,6.21,都市：商,10000,119,持分移轉,03180023
RPQNMLQKQHIGFAP66CB,光明段,98.02,非都市：工業區 ; 非都市編定：丁種建築用地,1,1,全筆移轉,05920000
RPPNMLQKQHIGFAP56CB,光明段,82.24,非都市：工業區 ; 非都市編定：丁種建築用地,1,1,全筆移轉,04070012
RPQNMLQKQHIGFDP96CB,高南段,15.03,都市：住,10000,51,持分移轉,00500000
RPPNMLRKQHIGFAP66CB,三平段,27.85,都市：住,10000,135,持分移轉,00220000
RPRNMLRKQHIGFBP96CB,中天段,2.71,都市：商,10000,87,持分移轉,03180000
RPRNMLRKQHIGFBP96CB,中天段,3.83,都市：商,10000,87,持分移轉,03180011
RPRNMLRKQHIGFBP96CB,中天段,1.53,都市：商,10000,87,持分移轉,03180012
RPRNMLRKQHIGFBP96CB,中天段,.52,都市：商,10000,87,持分移轉,03180018
RPRNMLRKQHIGFBP96CB,中天段,.52,都市：商,10000,87,持分移轉,03180019
RPRNMLRKQHIGFBP96CB,中天段,.33,都市：商,10000,87,持分移轉,03180020
RPRNMLRKQHIGFBP96CB,中天段,.24,都市：商,10000,87,持分移轉,03180021
RPRNMLRKQHIGFBP96CB,中天段,3.70,都市：商,10000,87,持分移轉,03180022
RPRNMLRKQHIGFBP96CB,中天段,4.54,都市：商,10000,87,持分移轉,03180023
RPSNMLRKQHIGFBP07CB,中天段,2.71,都市：商,10000,87,持分移轉,03180000
RPSNMLRKQHIGFBP07CB,中天段,3.83,都市：商,10000,87,持分移轉,03180011
RPSNMLRKQHIGFBP07CB,中天段,1.53,都市：商,10000,87,持分移轉,03180012
RPSNMLRKQHIGFBP07CB,中天段,.52,都市：商,10000,87,持分移轉,03180018
RPSNMLRKQHIGFBP07CB,中天段,.52,都市：商,10000,87,持分移轉,03180019
RPSNMLRKQHIGFBP07CB,中天段,.33,都市：商,10000,87,持分移轉,03180020
RPSNMLRKQHIGFBP07CB,中天段,.24,都市：商,10000,87,持分移轉,03180021
RPSNMLRKQHIGFBP07CB,中天段,3.70,都市：商,10000,87,持分移轉,03180022
RPSNMLRKQHIGFBP07CB,中天段,4.54,都市：商,10000,87,持分移轉,03180023
RPTNMLRKQHIGFBP17CB,中天段,3.71,都市：商,10000,119,持分移轉,03180000
RPTNMLRKQHIGFBP17CB,中天段,5.24,都市：商,10000,119,持分移轉,03180011
RPTNMLRKQHIGFBP17CB,中天段,2.09,都市：商,10000,119,持分移轉,03180012
RPTNMLRKQHIGFBP17CB,中天段,.71,都市：商,10000,119,持分移轉,03180018
RPTNMLRKQHIGFBP17CB,中天段,.71,都市：商,10000,119,持分移轉,03180019
RPTNMLRKQHIGFBP17CB,中天段,.45,都市：商,10000,119,持分移轉,03180020
RPTNMLRKQHIGFBP17CB,中天段,.33,都市：商,10000,119,持分移轉,03180021
RPTNMLRKQHIGFBP17CB,中天段,5.06,都市：商,10000,119,持分移轉,03180022
RPTNMLRKQHIGFBP17CB,中天段,6.21,都市：商,10000,119,持分移轉,03180023
RPUNMLRKQHIGFBP27CB,中天段,2.71,都市：商,10000,87,持分移轉,03180000
RPUNMLRKQHIGFBP27CB,中天段,3.83,都市：商,10000,87,持分移轉,03180011
RPUNMLRKQHIGFBP27CB,中天段,1.53,都市：商,10000,87,持分移轉,03180012
RPUNMLRKQHIGFBP27CB,中天段,.52,都市：商,10000,87,持分移轉,03180018
RPUNMLRKQHIGFBP27CB,中天段,.52,都市：商,10000,87,持分移轉,03180019
RPUNMLRKQHIGFBP27CB,中天段,.33,都市：商,10000,87,持分移轉,03180020
RPUNMLRKQHIGFBP27CB,中天段,.24,都市：商,10000,87,持分移轉,03180021
RPUNMLRKQHIGFBP27CB,中天段,3.70,都市：商,10000,87,持分移轉,03180022
RPUNMLRKQHIGFBP27CB,中天段,4.54,都市：商,10000,87,持分移轉,03180023
RPVNMLRKQHIGFBP37CB,中天段,2.71,都市：商,10000,87,持分移轉,03180000
RPVNMLRKQHIGFBP37CB,中天段,3.83,都市：商,10000,87,持分移轉,03180011
RPVNMLRKQHIGFBP37CB,中天段,1.53,都市：商,10000,87,持分移轉,03180012
RPVNMLRKQHIGFBP37CB,中天段,.52,都市：商,10000,87,持分移轉,03180018
RPVNMLRKQHIGFBP37CB,中天段,.52,都市：商,10000,87,持分移轉,03180019
RPVNMLRKQHIGFBP37CB,中天段,.33,都市：商,10000,87,持分移轉,03180020
RPVNMLRKQHIGFBP37CB,中天段,.24,都市：商,10000,87,持分移轉,03180021
RPVNMLRKQHIGFBP37CB,中天段,3.70,都市：商,10000,87,持分移轉,03180022
RPVNMLRKQHIGFBP37CB,中天段,4.54,都市：商,10000,87,持分移轉,03180023
RPWNMLRKQHIGFBP47CB,中天段,2.53,都市：商,10000,81,持分移轉,03180000
RPWNMLRKQHIGFBP47CB,中天段,3.56,都市：商,10000,81,持分移轉,03180011
RPWNMLRKQHIGFBP47CB,中天段,1.43,都市：商,10000,81,持分移轉,03180012
RPWNMLRKQHIGFBP47CB,中天段,.49,都市：商,10000,81,持分移轉,03180018
RPWNMLRKQHIGFBP47CB,中天段,.49,都市：商,10000,81,持分移轉,03180019
RPWNMLRKQHIGFBP47CB,中天段,.31,都市：商,10000,81,持分移轉,03180020
RPWNMLRKQHIGFBP47CB,中天段,.23,都市：商,10000,81,持分移轉,03180021
RPWNMLRKQHIGFBP47CB,中天段,3.44,都市：商,10000,81,持分移轉,03180022
RPWNMLRKQHIGFBP47CB,中天段,4.23,都市：商,10000,81,持分移轉,03180023
RPXNMLRKQHIGFBP57CB,中天段,3.71,都市：商,10000,119,持分移轉,03180000
RPXNMLRKQHIGFBP57CB,中天段,5.24,都市：商,10000,119,持分移轉,03180011
RPXNMLRKQHIGFBP57CB,中天段,2.09,都市：商,10000,119,持分移轉,03180012
RPXNMLRKQHIGFBP57CB,中天段,.71,都市：商,10000,119,持分移轉,03180018
RPXNMLRKQHIGFBP57CB,中天段,.71,都市：商,10000,119,持分移轉,03180019
RPXNMLRKQHIGFBP57CB,中天段,.45,都市：商,10000,119,持分移轉,03180020
RPXNMLRKQHIGFBP57CB,中天段,.33,都市：商,10000,119,持分移轉,03180021
RPXNMLRKQHIGFBP57CB,中天段,5.06,都市：商,10000,119,持分移轉,03180022
RPXNMLRKQHIGFBP57CB,中天段,6.21,都市：商,10000,119,持分移轉,03180023
RPSOMLRKQHIGFBP17CB,中天段,3.59,都市：商,10000,115,持分移轉,03180000
RPSOMLRKQHIGFBP17CB,中天段,5.06,都市：商,10000,115,持分移轉,03180011
RPSOMLRKQHIGFBP17CB,中天段,2.02,都市：商,10000,115,持分移轉,03180012
RPSOMLRKQHIGFBP17CB,中天段,.69,都市：商,10000,115,持分移轉,03180018
RPSOMLRKQHIGFBP17CB,中天段,.69,都市：商,10000,115,持分移轉,03180019
RPSOMLRKQHIGFBP17CB,中天段,.44,都市：商,10000,115,持分移轉,03180020
RPSOMLRKQHIGFBP17CB,中天段,.32,都市：商,10000,115,持分移轉,03180021
RPSOMLRKQHIGFBP17CB,中天段,4.89,都市：商,10000,115,持分移轉,03180022
RPSOMLRKQHIGFBP17CB,中天段,6.00,都市：商,10000,115,持分移轉,03180023
RPTOMLRKQHIGFBP27CB,中天段,3.59,都市：商,10000,115,持分移轉,03180000
RPTOMLRKQHIGFBP27CB,中天段,5.06,都市：商,10000,115,持分移轉,03180011
RPTOMLRKQHIGFBP27CB,中天段,2.02,都市：商,10000,115,持分移轉,03180012
RPTOMLRKQHIGFBP27CB,中天段,.69,都市：商,10000,115,持分移轉,03180018
RPTOMLRKQHIGFBP27CB,中天段,.69,都市：商,10000,115,持分移轉,03180019
RPTOMLRKQHIGFBP27CB,中天段,.44,都市：商,10000,115,持分移轉,03180020
RPTOMLRKQHIGFBP27CB,中天段,.32,都市：商,10000,115,持分移轉,03180021
RPTOMLRKQHIGFBP27CB,中天段,4.89,都市：商,10000,115,持分移轉,03180022
RPTOMLRKQHIGFBP27CB,中天段,6.00,都市：商,10000,115,持分移轉,03180023
RPUOMLRKQHIGFBP37CB,中天段,2.71,都市：商,10000,87,持分移轉,03180000
RPUOMLRKQHIGFBP37CB,中天段,3.83,都市：商,10000,87,持分移轉,03180011
RPUOMLRKQHIGFBP37CB,中天段,1.53,都市：商,10000,87,持分移轉,03180012
RPUOMLRKQHIGFBP37CB,中天段,.52,都市：商,10000,87,持分移轉,03180018
RPUOMLRKQHIGFBP37CB,中天段,.52,都市：商,10000,87,持分移轉,03180019
RPUOMLRKQHIGFBP37CB,中天段,.33,都市：商,10000,87,持分移轉,03180020
RPUOMLRKQHIGFBP37CB,中天段,.24,都市：商,10000,87,持分移轉,03180021
RPUOMLRKQHIGFBP37CB,中天段,3.70,都市：商,10000,87,持分移轉,03180022
RPUOMLRKQHIGFBP37CB,中天段,4.54,都市：商,10000,87,持分移轉,03180023
RPVOMLRKQHIGFBP47CB,中天段,2.71,都市：商,10000,87,持分移轉,03180000
RPVOMLRKQHIGFBP47CB,中天段,3.83,都市：商,10000,87,持分移轉,03180011
RPVOMLRKQHIGFBP47CB,中天段,1.53,都市：商,10000,87,持分移轉,03180012
RPVOMLRKQHIGFBP47CB,中天段,.52,都市：商,10000,87,持分移轉,03180018
RPVOMLRKQHIGFBP47CB,中天段,.52,都市：商,10000,87,持分移轉,03180019
RPVOMLRKQHIGFBP47CB,中天段,.33,都市：商,10000,87,持分移轉,03180020
RPVOMLRKQHIGFBP47CB,中天段,.24,都市：商,10000,87,持分移轉,03180021
RPVOMLRKQHIGFBP47CB,中天段,3.70,都市：商,10000,87,持分移轉,03180022
RPVOMLRKQHIGFBP47CB,中天段,4.54,都市：商,10000,87,持分移轉,03180023
RPROMLRKQHIGFBP07CB,中天段,3.59,都市：商,10000,115,持分移轉,03180000
RPROMLRKQHIGFBP07CB,中天段,5.06,都市：商,10000,115,持分移轉,03180011
RPROMLRKQHIGFBP07CB,中天段,2.02,都市：商,10000,115,持分移轉,03180012
RPROMLRKQHIGFBP07CB,中天段,.69,都市：商,10000,115,持分移轉,03180018
RPROMLRKQHIGFBP07CB,中天段,.69,都市：商,10000,115,持分移轉,03180019
RPROMLRKQHIGFBP07CB,中天段,.44,都市：商,10000,115,持分移轉,03180020
RPROMLRKQHIGFBP07CB,中天段,.32,都市：商,10000,115,持分移轉,03180021
RPROMLRKQHIGFBP07CB,中天段,4.89,都市：商,10000,115,持分移轉,03180022
RPPOMLRKQHIGFBP86CB,中天段,2.46,都市：商,10000,79,持分移轉,03180000
RPROMLRKQHIGFBP07CB,中天段,6.00,都市：商,10000,115,持分移轉,03180023
RPPOMLRKQHIGFBP86CB,中天段,3.48,都市：商,10000,79,持分移轉,03180011
RPPOMLRKQHIGFBP86CB,中天段,1.39,都市：商,10000,79,持分移轉,03180012
RPPOMLRKQHIGFBP86CB,中天段,.47,都市：商,10000,79,持分移轉,03180018
RPPOMLRKQHIGFBP86CB,中天段,.47,都市：商,10000,79,持分移轉,03180019
RPPOMLRKQHIGFBP86CB,中天段,.30,都市：商,10000,79,持分移轉,03180020
RPPOMLRKQHIGFBP86CB,中天段,.22,都市：商,10000,79,持分移轉,03180021
RPPOMLRKQHIGFBP86CB,中天段,3.36,都市：商,10000,79,持分移轉,03180022
RPPOMLRKQHIGFBP86CB,中天段,4.12,都市：商,10000,79,持分移轉,03180023
RPOOMLRKQHIGFBP76CB,中天段,3.59,都市：商,10000,115,持分移轉,03180000
RPOOMLRKQHIGFBP76CB,中天段,5.06,都市：商,10000,115,持分移轉,03180011
RPOOMLRKQHIGFBP76CB,中天段,2.02,都市：商,10000,115,持分移轉,03180012
RPQOMLRKQHIGFBP96CB,中天段,3.59,都市：商,10000,115,持分移轉,03180000
RPOOMLRKQHIGFBP76CB,中天段,.69,都市：商,10000,115,持分移轉,03180018
RPOOMLRKQHIGFBP76CB,中天段,.69,都市：商,10000,115,持分移轉,03180019
RPQOMLRKQHIGFBP96CB,中天段,5.06,都市：商,10000,115,持分移轉,03180011
RPOOMLRKQHIGFBP76CB,中天段,.44,都市：商,10000,115,持分移轉,03180020
RPOOMLRKQHIGFBP76CB,中天段,.32,都市：商,10000,115,持分移轉,03180021
RPQOMLRKQHIGFBP96CB,中天段,2.02,都市：商,10000,115,持分移轉,03180012
RPOOMLRKQHIGFBP76CB,中天段,4.89,都市：商,10000,115,持分移轉,03180022
RPQOMLRKQHIGFBP96CB,中天段,.69,都市：商,10000,115,持分移轉,03180018
RPOOMLRKQHIGFBP76CB,中天段,6.00,都市：商,10000,115,持分移轉,03180023
RPQOMLRKQHIGFBP96CB,中天段,.69,都市：商,10000,115,持分移轉,03180019
RPQOMLRKQHIGFBP96CB,中天段,.44,都市：商,10000,115,持分移轉,03180020
RPQOMLRKQHIGFBP96CB,中天段,.32,都市：商,10000,115,持分移轉,03180021
RPQOMLRKQHIGFBP96CB,中天段,4.89,都市：商,10000,115,持分移轉,03180022
RPQOMLRKQHIGFBP96CB,中天段,6.00,都市：商,10000,115,持分移轉,03180023
RPPNMLSKQHIGFDP07CB,大學段,91.29,都市：住,368950,9129,持分移轉,03550003
RPPNMLSKQHIGFDP07CB,大學段,26.71,都市：住,368950,2671,持分移轉,03550003
RPPNMLSKQHIGFEP17CB,新東段,136.75,都市：住,1,1,全筆移轉,00880011
RPQNMLSKQHIGFDP17CB,大學段,74.38,都市：住,474836,7438,持分移轉,02210000
RPQNMLSKQHIGFDP17CB,大學段,19.64,都市：住,474836,1964,持分移轉,02210000
RPPNMLTKQHIGFCP07CB,漢南段,101.94,都市：住,1,1,全筆移轉,01470001
RPQNMLTKQHIGFCP17CB,漢南段,111.14,都市：住,1,1,全筆移轉,01470045
RPPNMLLLQHIGFBP88CB,僑真段,34.09,非都市：特定農業區 ; 非都市編定：甲種建築用地,100000,2371,持分移轉,07680000
RPQNMLLLQHIGFBP98CB,僑真段,34.09,非都市：特定農業區 ; 非都市編定：甲種建築用地,100000,2371,持分移轉,07680000
RPPNMLOLQHIGFDP76CB,高南段,14.48,都市：住,100000,693,持分移轉,00600000
RPPNMLLLQHIGFFP66CB,山寮段,73.76,非都市：鄉村區 ; 非都市編定：乙種建築用地,1,1,全筆移轉,08880008
RPPNMLLLQHIGFFP66CB,山寮段,.65,非都市：鄉村區 ; 非都市編定：乙種建築用地,32,1,持分移轉,08880012
RPPNMLLLQHIGFFP66CB,山寮段,.63,非都市：鄉村區 ; 非都市編定：乙種建築用地,32,1,持分移轉,08880013
RPPNMLLLQHIGFFP66CB,山寮段,24.07,非都市：鄉村區 ; 非都市編定：乙種建築用地,32,1,持分移轉,08880020
RPPNMLLLQHIGFFP66CB,山寮段,.38,非都市：鄉村區 ; 非都市編定：乙種建築用地,32,1,持分移轉,08880034
RPPNMLLLQHIGFFP66CB,山寮段,.19,非都市：鄉村區 ; 非都市編定：乙種建築用地,32,1,持分移轉,08880041
RPPNMLLLQHIGFFP66CB,山寮段,12.00,非都市：鄉村區 ; 非都市編定：乙種建築用地,1,1,全筆移轉,08880011
RPPNMLOLQHIGFBP56CB,新光段,53.88,都市：住,101733,5388,持分移轉,07160000
RPPNMLPLQHIGFDP86CB,大學段,86.88,都市：住,368950,8688,持分移轉,03550003
RPQNMLPLQHIGFEP07CB,新東段,151.77,都市：住,1,1,全筆移轉,00880020
RPRNMLPLQHIGFEP17CB,新東段,151.76,都市：住,1,1,全筆移轉,00880001
RPRNMLPLQHIGFDP17DB,復興段,201.00,都市：住,1,1,全筆移轉,05180000
RPPNMLPLQHIGFBP76DB,僑真段,15.08,都市：住,100000,2821,持分移轉,06380000
RPPNMLPLQHIGFBP76DB,僑真段,15.08,都市：住,100000,2821,持分移轉,06380001
RPPNMLQLQHIGFBP76CB,中天段,2.46,都市：商,10000,79,持分移轉,03180000
RPPNMLQLQHIGFBP76CB,中天段,3.48,都市：商,10000,79,持分移轉,03180011
RPPNMLQLQHIGFBP76CB,中天段,1.39,都市：商,10000,79,持分移轉,03180012
RPPNMLQLQHIGFBP76CB,中天段,.47,都市：商,10000,79,持分移轉,03180018
RPPNMLQLQHIGFBP76CB,中天段,.47,都市：商,10000,79,持分移轉,03180019
RPPNMLQLQHIGFBP76CB,中天段,.30,都市：商,10000,79,持分移轉,03180020
RPPNMLQLQHIGFBP76CB,中天段,.22,都市：商,10000,79,持分移轉,03180021
RPPNMLQLQHIGFBP76CB,中天段,3.36,都市：商,10000,79,持分移轉,03180022
RPPNMLQLQHIGFBP76CB,中天段,4.12,都市：商,10000,79,持分移轉,03180023
RPQNMLQLQHIGFBP86CB,中天段,2.71,都市：商,10000,87,持分移轉,03180000
RPQNMLQLQHIGFBP86CB,中天段,3.83,都市：商,10000,87,持分移轉,03180011
RPQNMLQLQHIGFBP86CB,中天段,1.53,都市：商,10000,87,持分移轉,03180012
RPQNMLQLQHIGFBP86CB,中天段,.52,都市：商,10000,87,持分移轉,03180018
RPQNMLQLQHIGFBP86CB,中天段,.52,都市：商,10000,87,持分移轉,03180019
RPQNMLQLQHIGFBP86CB,中天段,.33,都市：商,10000,87,持分移轉,03180020
RPQNMLQLQHIGFBP86CB,中天段,.24,都市：商,10000,87,持分移轉,03180021
RPQNMLQLQHIGFBP86CB,中天段,3.70,都市：商,10000,87,持分移轉,03180022
RPQNMLQLQHIGFBP86CB,中天段,4.54,都市：商,10000,87,持分移轉,03180023
RPRNMLQLQHIGFBP96CB,中天段,3.59,都市：商,10000,115,持分移轉,03180000
RPRNMLQLQHIGFBP96CB,中天段,5.06,都市：商,10000,115,持分移轉,03180011
RPRNMLQLQHIGFBP96CB,中天段,2.02,都市：商,10000,115,持分移轉,03180012
RPRNMLQLQHIGFBP96CB,中天段,.69,都市：商,10000,115,持分移轉,03180018
RPRNMLQLQHIGFBP96CB,中天段,.69,都市：商,10000,115,持分移轉,03180019
RPRNMLQLQHIGFBP96CB,中天段,.44,都市：商,10000,115,持分移轉,03180020
RPRNMLQLQHIGFBP96CB,中天段,.32,都市：商,10000,115,持分移轉,03180021
RPRNMLQLQHIGFBP96CB,中天段,4.89,都市：商,10000,115,持分移轉,03180022
RPRNMLQLQHIGFBP96CB,中天段,6.00,都市：商,10000,115,持分移轉,03180023
RPUNMLTLQHIGFDP77CB,高南段,11.79,都市：住,10000,40,持分移轉,00500000
RPPNMLLJRHIGFDP98CB,高南段,11.79,都市：住,10000,40,持分移轉,00500000
RPQNMLLJRHIGFDP09CB,高南段,11.79,都市：住,10000,40,持分移轉,00500000
RPQNMLLJRHIGFBP88CB,新光段,34.16,都市：住,101733,3416,持分移轉,07160000
RPRNMLQKQHIGFBP86CB,中天段,2.53,都市：商,10000,81,持分移轉,03180000
RPRNMLQKQHIGFBP86CB,中天段,3.56,都市：商,10000,81,持分移轉,03180011
RPRNMLQKQHIGFBP86CB,中天段,1.43,都市：商,10000,81,持分移轉,03180012
RPRNMLQKQHIGFBP86CB,中天段,.49,都市：商,10000,81,持分移轉,03180018
RPRNMLQKQHIGFBP86CB,中天段,.49,都市：商,10000,81,持分移轉,03180019
RPRNMLQKQHIGFBP86CB,中天段,.31,都市：商,10000,81,持分移轉,03180020
RPRNMLQKQHIGFBP86CB,中天段,.23,都市：商,10000,81,持分移轉,03180021
RPRNMLQKQHIGFBP86CB,中天段,3.44,都市：商,10000,81,持分移轉,03180022
RPRNMLQKQHIGFBP86CB,中天段,4.23,都市：商,10000,81,持分移轉,03180023
RPSNMLQKQHIGFBP96CB,中天段,2.71,都市：商,10000,87,持分移轉,03180000
RPTNMLQKQHIGFBP07CB,中天段,3.59,都市：商,10000,115,持分移轉,03180000
RPSNMLQKQHIGFBP96CB,中天段,3.83,都市：商,10000,87,持分移轉,03180011
RPTNMLQKQHIGFBP07CB,中天段,5.06,都市：商,10000,115,持分移轉,03180011
RPQNMLRKQHIGFBP86CB,中天段,2.53,都市：商,10000,81,持分移轉,03180000
RPSNMLQKQHIGFBP96CB,中天段,1.53,都市：商,10000,87,持分移轉,03180012
RPTNMLQKQHIGFBP07CB,中天段,2.02,都市：商,10000,115,持分移轉,03180012
RPQNMLRKQHIGFBP86CB,中天段,3.56,都市：商,10000,81,持分移轉,03180011
RPSNMLQKQHIGFBP96CB,中天段,.52,都市：商,10000,87,持分移轉,03180018
RPTNMLQKQHIGFBP07CB,中天段,.69,都市：商,10000,115,持分移轉,03180018
RPSNMLQKQHIGFBP96CB,中天段,.52,都市：商,10000,87,持分移轉,03180019
RPQNMLRKQHIGFBP86CB,中天段,1.43,都市：商,10000,81,持分移轉,03180012
RPTNMLQKQHIGFBP07CB,中天段,.69,都市：商,10000,115,持分移轉,03180019
RPSNMLQKQHIGFBP96CB,中天段,.33,都市：商,10000,87,持分移轉,03180020
RPQNMLRKQHIGFBP86CB,中天段,.49,都市：商,10000,81,持分移轉,03180018
RPTNMLQKQHIGFBP07CB,中天段,.44,都市：商,10000,115,持分移轉,03180020
RPSNMLQKQHIGFBP96CB,中天段,.24,都市：商,10000,87,持分移轉,03180021
RPQNMLRKQHIGFBP86CB,中天段,.49,都市：商,10000,81,持分移轉,03180019
RPTNMLQKQHIGFBP07CB,中天段,.32,都市：商,10000,115,持分移轉,03180021
RPSNMLQKQHIGFBP96CB,中天段,3.70,都市：商,10000,87,持分移轉,03180022
RPQNMLRKQHIGFBP86CB,中天段,.31,都市：商,10000,81,持分移轉,03180020
RPTNMLQKQHIGFBP07CB,中天段,4.89,都市：商,10000,115,持分移轉,03180022
RPSNMLQKQHIGFBP96CB,中天段,4.54,都市：商,10000,87,持分移轉,03180023
RPQNMLRKQHIGFBP86CB,中天段,.23,都市：商,10000,81,持分移轉,03180021
RPTNMLQKQHIGFBP07CB,中天段,6.00,都市：商,10000,115,持分移轉,03180023
RPQNMLRKQHIGFBP86CB,中天段,3.44,都市：商,10000,81,持分移轉,03180022
RPQNMLRKQHIGFBP86CB,中天段,4.23,都市：商,10000,81,持分移轉,03180023
RPPNMLRKQHIGFBP76CB,中天段,3.71,都市：商,10000,119,持分移轉,03180000
RPPNMLRKQHIGFBP76CB,中天段,5.24,都市：商,10000,119,持分移轉,03180011
RPPNMLRKQHIGFBP76CB,中天段,2.09,都市：商,10000,119,持分移轉,03180012
RPPNMLRKQHIGFBP76CB,中天段,.71,都市：商,10000,119,持分移轉,03180018
RPPNMLRKQHIGFBP76CB,中天段,.71,都市：商,10000,119,持分移轉,03180019
RPPNMLRKQHIGFBP76CB,中天段,.45,都市：商,10000,119,持分移轉,03180020
RPPNMLRKQHIGFBP76CB,中天段,.33,都市：商,10000,119,持分移轉,03180021
RPPNMLRKQHIGFBP76CB,中天段,5.06,都市：商,10000,119,持分移轉,03180022
RPPNMLRKQHIGFBP76CB,中天段,6.21,都市：商,10000,119,持分移轉,03180023
