編號,屋齡,建物移轉面積平方公尺,主要用途,主要建材,建築完成日期,總層數,建物分層,移轉情形
The serial number,room age,building shifting area square meter,the main use,main building materials,construction completes the date,total layer,building lamination,
RPWNMLPKQHIGFAI56CC,31,41.72,住家用,鋼筋混凝土造,82年1月11日,七層,,
RPXNMLPKQHIGFAI66CC,30,245.67,住商用,鋼筋混凝土造,82年11月29日,五層,,
RPWNMLPKQHIGFAI56CC,31,12.61,共有部份,鋼筋混凝土造,82年1月11日,七層,,
RPVNMLPKQHIGFAI09CC,40,31.44,住家用,鋼筋混凝土造,72年7月8日,五層,,
RPVNMLPKQHIGFAI09CC,40,3.93,共有部份,鋼筋混凝土造,72年7月8日,五層,,
RPQNMLOKQHIGFAI48CC,5,9.62,集合住宅,鋼筋混凝土構造,107年8月2日,五層,,
RPVNMLPKQHIGFAI09CC,40,2.47,共有部份,鋼筋混凝土造,72年7月8日,五層,,
RPQNMLOKQHIGFAI48CC,5,3.31,本共有部分之項目有機械室、樓梯間及水箱等３項,鋼筋混凝土構造,107年8月2日,五層,,
RPTNMLPKQHIGFAI88CC,30,18.24,住家用,鋼筋混凝土造,82年6月9日,十二層,,
RPTNMLPKQHIGFAI88CC,30,3.41,共有部份,鋼筋混凝土造,82年6月9日,十二層,,
RPTNMLPKQHIGFAI88CC,30,5.28,共有部份,鋼筋混凝土造,82年6月9日,十二層,,
RPUNMLPKQHIGFAI98CC,34,36.92,住家用,鋼筋混凝土造,78年5月18日,五層,,
RPUNMLPKQHIGFAI98CC,34,2.69,共有部份,鋼筋混凝土造,78年5月18日,五層,,
RPUNMLPKQHIGFAI98CC,34,5.71,共有部份,鋼筋混凝土造,78年5月18日,五層,,
RPPNMLPKQHIGFAI48CC,55,41.97,住家用,木造,57年10月23日,一層,,
RPPNMLOKQHIGFAI38CC,5,9.62,集合住宅,鋼筋混凝土構造,107年8月2日,五層,,
RPPNMLOKQHIGFAI38CC,5,3.31,本共有部分之項目有機械室、樓梯間及水箱等３項,鋼筋混凝土構造,107年8月2日,五層,,
RPQNMLLKQHIGFAI18CC,33,27.40,住家用,鋼筋混凝土造,80年1月4日,六層,,
RPQNMLLKQHIGFAI18CC,33,6.51,共有部份,鋼筋混凝土造,80年1月4日,六層,,
RPRNMLLKQHIGFAI28CC,31,94.87,住家用,鋼筋混凝土造,81年2月27日,六層,,
RPQNMLQKQHIGFAI68CC,40,41.40,住商用,鋼筋混凝土加強磚造,72年8月9日,二層,,
RPSNMLQKQHIGFAI88CC,19,128.94,住家用,鋼筋混凝土造,93年10月29日,十四層,,
RPSNMLQKQHIGFAI88CC,19,85.04,共有部份,鋼筋混凝土造,93年10月29日,十四層,,
RPPNMLRKQHIGFAI68CC,19,128.94,住家用,鋼筋混凝土造,93年10月29日,十四層,,
RPQNMLRKQHIGFAI78CC,49,102.17,住家用,加強磚造,63年5月27日,二層,,
RPPNMLRKQHIGFAI68CC,19,85.04,共有部份,鋼筋混凝土造,93年10月29日,十四層,,
RPSNMLRKQHIGFAI98CC,44,92.12,住家用,鋼筋混凝土加強磚造,69年1月8日,二層,,
RPRNMLRKQHIGFAI88CC,35,99.25,住家用,鋼筋混凝土造,78年1月17日,七層,,
RPRNMLRKQHIGFAI88CC,35,15.45,共有部份,鋼筋混凝土造,78年1月17日,七層,,
RPRNMLSKQHIGFAI98CC,24,103.71,住家用,鋼筋混凝土造,89年1月11日,十二層,,
RPRNMLSKQHIGFAI98CC,24,20.56,共有部份,鋼筋混凝土造,89年1月11日,十二層,,
RPRNMLQKQHIGFAI78CC,31,94.87,住家用,鋼筋混凝土造,81年2月27日,六層,,
RPRNMLSKQHIGFAI98CC,24,21.29,共有部份,鋼筋混凝土造,89年1月11日,十二層,,
RPRNMLQKQHIGFAI78CC,31,41.49,共有部份,鋼筋混凝土造,81年2月27日,六層,,
RPSNMLSKQHIGFAI09CC,24,26.29,住家用,鋼筋混凝土造,88年5月10日,五層,,
RPSNMLSKQHIGFAI09CC,24,8.75,共有部份,鋼筋混凝土造,88年5月10日,五層,,
RPPNMLMLQHIGFAI28CC,29,85.63,住商用,鋼筋混凝土造,83年7月18日,十二層,,
RPPNMLMLQHIGFAI28CC,29,11.40,共有部份,鋼筋混凝土造,83年7月18日,十二層,,
RPPNMLMLQHIGFAI28CC,29,7.97,共有部份,鋼筋混凝土造,83年7月18日,十二層,,
RPPNMLNLQHIGFAI38CC,5,9.62,集合住宅,鋼筋混凝土構造,107年8月2日,五層,,
RPPNMLNLQHIGFAI38CC,5,3.31,本共有部分之項目有機械室、樓梯間及水箱等３項,鋼筋混凝土構造,107年8月2日,五層,,
RPQNMLNLQHIGFAI48CC,5,9.62,集合住宅,鋼筋混凝土構造,107年8月2日,五層,,
RPQNMLNLQHIGFAI48CC,5,3.31,本共有部分之項目有機械室、樓梯間及水箱等３項,鋼筋混凝土構造,107年8月2日,五層,,
RPRNMLNLQHIGFAI58CC,5,9.62,集合住宅,鋼筋混凝土構造,107年8月2日,五層,,
RPRNMLNLQHIGFAI58CC,5,3.31,本共有部分之項目有機械室、樓梯間及水箱等３項,鋼筋混凝土構造,107年8月2日,五層,,
RPSNMLNLQHIGFAI68CC,27,102.28,住家用,鋼筋混凝土造,85年3月11日,二十層,,
RPSNMLNLQHIGFAI68CC,27,28.61,共有部份,鋼筋混凝土造,85年3月11日,二十層,,
RPPNMLOLQHIGFAI48CC,25,147.54,住家用,鋼筋混凝土造,87年3月19日,二十二層,,
RPVNMLNLQHIGFAI98CC,5,9.79,集合住宅,鋼筋混凝土構造,107年8月2日,五層,,
RPVNMLNLQHIGFAI98CC,5,3.37,本共有部分之項目有機械室、樓梯間及水箱等３項,鋼筋混凝土構造,107年8月2日,五層,,
RPUNMLNLQHIGFAI88CC,15,8.36,辦公室,鋼筋混凝土造,97年3月3日,四層,,
RPUNMLNLQHIGFAI88CC,15,5.66,共有部份,鋼筋混凝土造,97年3月3日,四層,,
RPTNMLNLQHIGFAI78CC,25,86.26,住家用,鋼筋混凝土造,87年3月19日,二十二層,,
RPTNMLNLQHIGFAI78CC,25,15.59,共有部份,鋼筋混凝土造,87年3月19日,二十二層,,
RPTNMLNLQHIGFAI78CC,25,18.09,共有部份,鋼筋混凝土造,87年3月19日,二十二層,,
RPQNMLOLQHIGFAI58CC,26,53.09,住家用,鋼筋混凝土造,86年3月17日,十二層,,
RPQNMLOLQHIGFAI58CC,26,22.98,共有部份,鋼筋混凝土造,86年3月17日,十二層,,
RPQNMLOLQHIGFAI58CC,26,8.65,共有部份,鋼筋混凝土造,86年3月17日,十二層,,
RPSNMLOLQHIGFAI78CC,35,24.19,住家用,鋼筋混凝土造,78年2月3日,七層,,
RPSNMLOLQHIGFAI78CC,35,12.46,共有部份,鋼筋混凝土造,78年2月3日,七層,,
RPRNMLOLQHIGFAI68CC,29,21.22,住家用,鋼筋混凝土造,83年8月30日,七層,,
RPRNMLOLQHIGFAI68CC,29,7.18,共有部份,鋼筋混凝土造,83年8月30日,七層,,
RPTNMLOLQHIGFAI88CC,19,128.18,住家用,鋼筋混凝土造,93年10月29日,十四層,,
RPTNMLOLQHIGFAI88CC,19,85.36,共有部份,鋼筋混凝土造,93年10月29日,十四層,,
RPWNMLOLQHIGFAI56CC,30,22.07,住家用,鋼筋混凝土造,82年3月17日,八層,,
RPWNMLOLQHIGFAI56CC,30,8.23,共有部份,鋼筋混凝土造,82年3月17日,八層,,
RPUNMLOLQHIGFAI98CC,30,19.22,住家用,鋼筋混凝土造,82年6月9日,十二層,,
RPUNMLOLQHIGFAI98CC,30,3.63,共有部份,鋼筋混凝土造,82年6月9日,十二層,,
RPUNMLOLQHIGFAI98CC,30,5.57,共有部份,鋼筋混凝土造,82年6月9日,十二層,,
RPVNMLOLQHIGFAI09CC,31,39.10,住家用,鋼筋混凝土造,81年12月21日,六層,,
RPVNMLOLQHIGFAI09CC,31,12.82,共有部份,鋼筋混凝土造,81年12月21日,六層,,
RPQNMLPLQHIGFAI68CC,28,35.21,商業用,鋼筋混凝土造,84年7月24日,十四層,,
RPQNMLPLQHIGFAI68CC,28,10.82,共有部份,鋼筋混凝土造,84年7月24日,十四層,,
RPQNMLPLQHIGFAI68CC,28,7.61,共有部份,鋼筋混凝土造,84年7月24日,十四層,,
RPRNMLPLQHIGFAI78CC,24,54.98,住家用,鋼筋混凝土造,88年4月21日,十四層,,
RPRNMLPLQHIGFAI78CC,24,24.01,共有部份,鋼筋混凝土造,88年4月21日,十四層,,
RPPNMLPLQHIGFAI58CC,29,85.63,住商用,鋼筋混凝土造,83年7月18日,十二層,,
RPPNMLPLQHIGFAI58CC,29,11.40,共有部份,鋼筋混凝土造,83年7月18日,十二層,,
RPPNMLPLQHIGFAI58CC,29,7.97,共有部份,鋼筋混凝土造,83年7月18日,十二層,,
RPTNMLSLQHIGFAI66CC,40,88.04,住家用,鋼筋混凝土造,72年7月8日,五層,,
RPTNMLSLQHIGFAI66CC,40,9.50,共有部份,鋼筋混凝土造,72年7月8日,五層,,
RPTNMLSLQHIGFAI66CC,40,5.91,共有部份,鋼筋混凝土造,72年7月8日,五層,,
RPPNMLSLQHIGFAI88CC,31,69.12,住家用,鋼筋混凝土造,81年8月28日,十層,,
RPPNMLSLQHIGFAI88CC,31,20.47,共有部份,鋼筋混凝土造,81年8月28日,十層,,
RPQNMLSLQHIGFAI98CC,27,77.26,住家用,鋼筋混凝土造,85年3月11日,二十層,,
RPQNMLSLQHIGFAI98CC,27,19.58,共有部份,鋼筋混凝土造,85年3月11日,二十層,,
RPUNMLSLQHIGFAI76CC,38,116.01,住家用,鋼筋混凝土造,74年5月28日,五層,,
RPUNMLSLQHIGFAI76CC,38,8.79,共有部份,鋼筋混凝土造,74年5月28日,五層,,
RPRNMLSLQHIGFAI09CC,29,22.75,住家用,鋼筋混凝土造,83年8月30日,七層,,
RPRNMLSLQHIGFAI09CC,29,7.71,共有部份,鋼筋混凝土造,83年8月30日,七層,,
RPVNMLSLQHIGFAI86CC,46,91.44,住商用,鋼筋混凝土加強磚造,66年8月18日,二層,,
RPSNMLPLQHIGFAI88CC,15,8.36,辦公室,鋼筋混凝土造,97年3月3日,四層,,
RPSNMLPLQHIGFAI88CC,15,5.66,共有部份,鋼筋混凝土造,97年3月3日,四層,,
RPTNMLPLQHIGFAI98CC,15,8.36,辦公室,鋼筋混凝土造,97年3月3日,四層,,
RPTNMLPLQHIGFAI98CC,15,5.66,共有部份,鋼筋混凝土造,97年3月3日,四層,,
RPQNMLTLQHIGFAI09CC,40,67.99,住家用,鋼筋混凝土造,72年7月8日,五層,,
RPQNMLTLQHIGFAI09CC,40,8.92,共有部份,鋼筋混凝土造,72年7月8日,五層,,
RPQNMLTLQHIGFAI09CC,40,5.30,共有部份,鋼筋混凝土造,72年7月8日,五層,,
RPRNMLKMQHIGFAI38CC,35,32.24,住家用,鋼筋混凝土造,78年1月17日,七層,,
RPRNMLKMQHIGFAI38CC,35,5.06,共有部份,鋼筋混凝土造,78年1月17日,七層,,
RPRNMLTLQHIGFAI56CC,31,32.55,住家用,鋼筋混凝土造,81年10月29日,十層,,
RPRNMLTLQHIGFAI56CC,31,1.60,共有部份,鋼筋混凝土造,81年10月29日,十層,,
RPQNMLKMQHIGFAI28CC,29,169.18,住家用,鋼筋混凝土造,84年1月13日,八層,,
RPRNMLTLQHIGFAI56CC,31,2.49,共有部份,鋼筋混凝土造,81年10月29日,十層,,
RPQNMLKMQHIGFAI28CC,29,38.76,共有部份,鋼筋混凝土造,84年1月13日,八層,,
RPRNMLTLQHIGFAI56CC,31,5.03,共有部份,鋼筋混凝土造,81年10月29日,十層,,
RPTNMLTLQHIGFAI76CC,40,26.92,住商用,鋼筋混凝土加強磚造,72年8月9日,二層,,
RPSNMLTLQHIGFAI66CC,49,74.77,住商用,木造,63年12月4日,二層,,
RPWNMLSLQHIGFAI96CC,31,157.04,住商用,鋼筋混凝土造,81年8月4日,十層,,
RPVNMLRJRHIGFAI66CC,35,28.25,辦公室,鋼筋混凝土造,77年11月8日,七層,,
RPVNMLRJRHIGFAI66CC,35,4.74,共有部份,鋼筋混凝土造,77年11月8日,七層,,
RPPNMLSJRHIGFAI78CC,38,133.02,住商用,鋼筋混凝土造,74年2月15日,三層,,
RPQNMLPJRHIGFAI58CC,27,48.60,住家用,鋼筋混凝土造,85年4月1日,十一層,,
RPQNMLPJRHIGFAI58CC,27,18.03,共有部份,鋼筋混凝土造,85年4月1日,十一層,,
RPQNMLSJRHIGFAI88CC,30,18.55,住家用,鋼筋混凝土造,82年6月9日,十二層,,
RPPNMLQJRHIGFAI58CC,35,123.45,住家用,加強磚造,77年7月21日,二層,,
RPQNMLSJRHIGFAI88CC,30,3.41,共有部份,鋼筋混凝土造,82年6月9日,十二層,,
RPQNMLSJRHIGFAI88CC,30,5.36,共有部份,鋼筋混凝土造,82年6月9日,十二層,,
RPRNMLSJRHIGFAI98CC,30,28.64,住家用,鋼筋混凝土造,82年6月9日,十六層,,
RPPNMLMKRHIGFAI28CC,30,20.64,住家用,鋼筋混凝土造,82年10月7日,六層,,
RPRNMLSJRHIGFAI98CC,30,4.66,共有部份,鋼筋混凝土造,82年6月9日,十六層,,
RPPNMLMKRHIGFAI28CC,30,10.42,共有部份,鋼筋混凝土造,82年10月7日,六層,,
RPRNMLSJRHIGFAI98CC,30,6.21,共有部份,鋼筋混凝土造,82年6月9日,十六層,,
RPSNMLSJRHIGFAI09CC,31,55.37,住家用,鋼筋混凝土造,81年10月29日,十層,,
RPSNMLSJRHIGFAI09CC,31,2.80,共有部份,鋼筋混凝土造,81年10月29日,十層,,
RPSNMLSJRHIGFAI09CC,31,4.24,共有部份,鋼筋混凝土造,81年10月29日,十層,,
RPSNMLSJRHIGFAI09CC,31,8.45,共有部份,鋼筋混凝土造,81年10月29日,十層,,
RPQNMLMKRHIGFAI38CC,3,67.97,住宅、梯間,鋼筋混凝土構造,109年2月24日,四層,,
RPPNMLNKRHIGFAI48DC,28,79.94,住家用,鋼筋混凝土造,84年8月30日,五層,,
RPPNMLNKRHIGFAI48DC,28,15.87,共有部份,鋼筋混凝土造,84年8月30日,五層,,
RPPNMLNKRHIGFAI48DC,28,30.39,共有部份,鋼筋混凝土造,84年8月30日,五層,,
RPQNMLLMQHIGFAI38CC,33,24.15,住家用,鋼筋混凝土造,80年1月4日,六層,,
RPQNMLLMQHIGFAI38CC,33,5.96,共有部份,鋼筋混凝土造,80年1月4日,六層,,
RPPNMLLMQHIGFAI28CC,29,131.15,住家用,鋼筋混凝土造,84年1月13日,八層,,
RPSNMLKMQHIGFAI48CC,54,88.20,住家用,加強磚造,58年5月1日,二層,,
RPPNMLLMQHIGFAI28CC,29,55.25,共有部份,鋼筋混凝土造,84年1月13日,八層,,
RPVNMLLMQHIGFAI88CC,17,56.57,騎樓、店舖、住宅、樓梯間,鋼筋混凝土造,95年12月28日,四層,,
RPWNMLLMQHIGFAI98CC,31,33.91,住家用,鋼筋混凝土造,81年11月21日,七層,,
RPWNMLLMQHIGFAI98CC,31,7.81,共有部份,鋼筋混凝土造,81年11月21日,七層,,
RPPNMLNKRHIGFAI38CC,41,22.40,住商用,鋼筋混凝土加強磚造,71年4月30日,二層,,
RPRNMLOKRHIGFAI68CC,30,83.66,住家用,鋼筋混凝土造,82年5月25日,十層,,
RPRNMLOKRHIGFAI68CC,30,15.37,共有部份,鋼筋混凝土造,82年5月25日,十層,,
RPRNMLOKRHIGFAI68CC,30,11.26,共有部份,鋼筋混凝土造,82年5月25日,十層,,
RPUNMLOKRHIGFAI98CC,40,62.06,住家用,鋼筋混凝土造,72年7月8日,五層,,
RPUNMLOKRHIGFAI98CC,40,8.01,共有部份,鋼筋混凝土造,72年7月8日,五層,,
RPUNMLOKRHIGFAI98CC,40,4.88,共有部份,鋼筋混凝土造,72年7月8日,五層,,
RPROMLOKRHIGFAI78CC,35,43.37,住家用,鋼筋混凝土造,78年2月3日,七層,,
RPROMLOKRHIGFAI78CC,35,13.02,共有部份,鋼筋混凝土造,78年2月3日,七層,,
RPVNMLOKRHIGFAI09CC,4,20.73,住家用,鋼筋混凝土構造,108年11月25日,五層,,
RPVNMLOKRHIGFAI09CC,4,6.00,共有部分項目有：管理維護空間、梯廳、樓梯間、管道間、過樑,鋼筋混凝土構造,108年11月25日,五層,,
RPWNMLOKRHIGFAI56CC,31,103.08,住家用,鋼筋混凝土造,82年1月12日,八層,,
RPWNMLOKRHIGFAI56CC,31,38.73,共有部份,鋼筋混凝土造,82年1月12日,八層,,
RPSNMLMKRHIGFAI58CC,2,67.96,集合住宅,鋼筋混凝土構造,110年3月9日,十五層,,
RPSNMLMKRHIGFAI58CC,2,19.56,本共有部分之項目有樓梯間、梯廳兼排煙室、水錶室、電梯機房及水箱等５項,鋼筋混凝土構造,110年3月9日,十五層,,
RPPOMLOKRHIGFAI58CC,39,20.25,住家用,鋼筋混凝土造,73年7月27日,十層,,
RPTNMLOKRHIGFAI88CC,24,51.49,住家用,鋼筋混凝土造,88年4月21日,十四層,,
RPSNMLMKRHIGFAI58CC,2,45.81,本共有部分之項目有機房、樓梯間、水箱、停車空間、梯廳兼排煙室、發電機房、台電配電室、防空避難室兼停車空間、管委會使用空間、車道、資源回收室、門廳及管道間等１３項,鋼筋混凝土構造,110年3月9日,十五層,,
RPPOMLOKRHIGFAI58CC,39,3.00,共有部份,鋼筋混凝土造,73年7月27日,十層,,
RPTNMLOKRHIGFAI88CC,24,21.69,共有部份,鋼筋混凝土造,88年4月21日,十四層,,
RPPOMLOKRHIGFAI58CC,39,1.99,共有部份,鋼筋混凝土造,73年7月27日,十層,,
RPSNMLOKRHIGFAI78CC,27,97.92,住家用,鋼筋混凝土造,85年3月11日,二十層,,
RPSNMLOKRHIGFAI78CC,27,22.59,共有部份,鋼筋混凝土造,85年3月11日,二十層,,
RPPNMLPKRHIGFAI58CC,32,13.22,住家用,鋼筋混凝土加強磚造,80年6月13日,三層,,
RPRNMLPKRHIGFAI78CC,54,69.91,住家用,鋼筋混凝土加強磚造,58年6月17日,二層,,
RPQNMLPKRHIGFAI68CC,32,23.14,住家用,鋼筋混凝土加強磚造,80年6月13日,三層,,
RPPNMLPKRHIGFAI68DC,38,120.82,住家用,加強磚造,74年11月11日,二層,,
RPPNMLSKRHIGFAI88CC,30,34.87,住家用,鋼筋混凝土造,82年6月9日,十六層,,
RPPNMLSKRHIGFAI88CC,30,5.74,共有部份,鋼筋混凝土造,82年6月9日,十六層,,
RPPNMLSKRHIGFAI88CC,30,7.51,共有部份,鋼筋混凝土造,82年6月9日,十六層,,
RPQNMLSKRHIGFAI98CC,33,23.37,住家用,鋼筋混凝土造,79年12月8日,八層,,
RPQNMLSKRHIGFAI98CC,33,5.78,住家用,鋼筋混凝土造,79年12月8日,八層,,
RPPNMLTKRHIGFAI98CC,44,239.12,避難室、辦公廳,鋼筋混凝土造,68年5月16日,三層,,
RPQNMLKLRHIGFAI28CC,34,69.52,住家用,鋼筋混凝土造,78年3月16日,十層,,
RPPNMLKLRHIGFAI18CC,29,107.88,住家用,鋼筋混凝土造,83年5月30日,十二層,,
RPQNMLKLRHIGFAI28CC,34,10.68,共有部份,鋼筋混凝土造,78年3月16日,十層,,
RPVNMLPLRHIGFAI66CC,25,104.66,住家用,鋼筋混凝土造,87年3月19日,二十二層,,
RPPNMLKLRHIGFAI18CC,29,28.59,共有部份,鋼筋混凝土造,83年5月30日,十二層,,
RPQNMLKLRHIGFAI28CC,34,10.99,共有部份,鋼筋混凝土造,78年3月16日,十層,,
RPVNMLPLRHIGFAI66CC,25,19.19,共有部份,鋼筋混凝土造,87年3月19日,二十二層,,
RPVNMLPLRHIGFAI66CC,25,23.26,共有部份,鋼筋混凝土造,87年3月19日,二十二層,,
RPSNMLPLRHIGFAI98CC,49,71.55,住家用,鋼筋混凝土加強磚造,63年7月10日,三層,,
RPUNMLKLRHIGFAI68CC,48,86.60,住家用,鋼筋混凝土加強磚造,64年10月15日,二層,,
RPSNMLSKRHIGFAI56CC,42,157.80,住商用,鋼筋混凝土加強磚造,70年12月17日,三層,,
RPRNMLKLRHIGFAI38CC,35,18.36,住家用,鋼筋混凝土造,78年2月3日,七層,,
RPRNMLKLRHIGFAI38CC,35,8.21,共有部份,鋼筋混凝土造,78年2月3日,七層,,
RPPNMLLLRHIGFAI28CC,28,62.21,住家用,鋼筋混凝土造,85年1月30日,十四層,,
RPPNMLLLRHIGFAI28CC,28,32.67,共有部份,鋼筋混凝土造,85年1月31日,十四層,,
RPOOMLPLRHIGFAI68CC,40,88.71,住商用,鋼筋混凝土造,72年11月21日,三層,,
RPWNMLPLRHIGFAI76CC,40,114.70,住商用,鋼筋混凝土造,72年11月21日,三層,,
RPQNMLSLRHIGFAI09CC,33,34.05,住家用,鋼筋混凝土造,79年6月15日,七層,,
RPQNMLSLRHIGFAI09CC,33,10.18,共有部份,鋼筋混凝土造,79年6月15日,七層,,
RPPNMLRLRHIGFAI88CC,19,115.40,住家用,鋼筋混凝土造,93年11月1日,十四層,,
RPPNMLRLRHIGFAI88CC,19,73.25,共有部份,鋼筋混凝土造,93年11月1日,十四層,,
RPPNMLSLRHIGFAI98CC,23,96.25,車庫、住宅,鋼筋混凝土造,89年10月26日,五層,,
RPPNMLPLRHIGFAI78DC,20,216.72,商業用,鋼筋混凝土造,92年3月17日,13,,
RPPNMLPLRHIGFAI78DC,20,120.65,共有部份,鋼筋混凝土造,92年3月17日,十四層,,
RPPNMLMJIIIGFAI37CC,59,165.92,住家用,鋼筋混凝土加強磚造,53年4月18日,二層,,
RPQNMLMJIIIGFAI47CC,25,59.97,住家用,鋼筋混凝土造,87年3月19日,二十二層,,
RPQNMLMJIIIGFAI47CC,25,11.52,共有部份,鋼筋混凝土造,87年3月19日,二十二層,,
RPQNMLMJIIIGFAI47CC,25,12.92,共有部份,鋼筋混凝土造,87年3月19日,二十二層,,
RPRNMLMJIIIGFAI57CC,25,82.90,住家用,鋼筋混凝土造,87年3月19日,二十二層,,
RPRNMLMJIIIGFAI57CC,25,17.28,共有部份,鋼筋混凝土造,87年3月19日,二十二層,,
RPRNMLMJIIIGFAI57CC,25,19.39,共有部份,鋼筋混凝土造,87年3月19日,二十二層,,
RPUNMLNJIIIGFAI97CC,29,94.86,住家用,鋼筋混凝土造,83年7月1日,六層,,
RPUNMLNJIIIGFAI97CC,29,23.53,共有部份,鋼筋混凝土造,83年7月1日,六層,,
RPPNMLOJIIIGFAI57CC,30,109.12,住商用,鋼筋混凝土造,82年4月26日,六層,,
RPPNMLOJIIIGFAI57CC,30,12.48,共有部份,鋼筋混凝土造,82年4月26日,六層,,
RPRNMLNJIIIGFAI67CC,35,32.24,住家用,鋼筋混凝土造,78年1月17日,七層,,
RPRNMLNJIIIGFAI67CC,35,5.06,共有部份,鋼筋混凝土造,78年1月17日,七層,,
RPTNMLNJIIIGFAI87CC,26,109.29,住家用,鋼筋混凝土造,86年11月18日,七層,,
RPTNMLNJIIIGFAI87CC,26,55.40,共有部份,鋼筋混凝土造,86年11月18日,七層,,
RPQNMLNJIIIGFAI57CC,30,28.30,住家用,鋼筋混凝土造,82年6月9日,十六層,,
RPQNMLNJIIIGFAI57CC,30,4.66,共有部份,鋼筋混凝土造,82年6月9日,十六層,,
RPQNMLNJIIIGFAI57CC,30,6.18,共有部份,鋼筋混凝土造,82年6月9日,十六層,,
RPUNMLMJIIIGFAI87CC,30,20.45,住家用,鋼筋混凝土造,82年10月12日,七層,,
RPTNMLMJIIIGFAI77CC,28,30.84,住家用,鋼筋混凝土造,84年5月22日,十二層,,
RPUNMLMJIIIGFAI87CC,30,12.22,共有部份,鋼筋混凝土造,82年10月12日,七層,,
RPTNMLMJIIIGFAI77CC,28,7.83,共有部份,鋼筋混凝土造,84年5月22日,十二層,,
RPSNMLNJIIIGFAI77CC,31,110.48,住家用,鋼筋混凝土造,81年7月28日,十四層,,
RPSNMLNJIIIGFAI77CC,31,15.59,共有部份,鋼筋混凝土造,81年7月28日,十四層,,
RPSNMLNJIIIGFAI77CC,31,18.15,共有部份,鋼筋混凝土造,81年7月28日,十四層,,
RPSNMLNJIIIGFAI77CC,31,19.93,共有部份,鋼筋混凝土造,81年7月28日,十四層,,
RPRNMLOJIIIGFAI77CC,40,217.86,住家用,鋼筋混凝土加強磚造,72年9月1日,二層,,
RPSNMLOJIIIGFAI87CC,28,120.23,住商用,鋼筋混凝土造,84年10月4日,十一層,,
RPSNMLOJIIIGFAI87CC,28,9.11,共有部份,鋼筋混凝土造,84年10月4日,十一層,,
RPSNMLOJIIIGFAI87CC,28,15.57,共有部份,鋼筋混凝土造,84年10月4日,十一層,,
RPVNMLQJIIIGFAI38CC,20,169.77,住商用,鋼筋混凝土造,92年4月16日,三層,,
RPSNMLQJIIIGFAI08CC,24,27.51,住家用,鋼筋混凝土造,88年4月21日,十四層,,
RPSNMLQJIIIGFAI08CC,24,11.62,共有部份,鋼筋混凝土造,88年4月21日,十四層,,
RPPNMLQJIIIGFAI77CC,30,34.55,住家用,鋼筋混凝土造,82年6月9日,十六層,,
RPPNMLQJIIIGFAI77CC,30,5.62,共有部份,鋼筋混凝土造,82年6月9日,十六層,,
RPPNMLQJIIIGFAI77CC,30,7.73,共有部份,鋼筋混凝土造,82年6月9日,十六層,,
RPPNMLPJIIIGFAI67CC,29,70.40,住家用,鋼筋混凝土造,83年5月30日,十六層,,
RPPNMLPJIIIGFAI67CC,29,22.66,共有部份,鋼筋混凝土造,83年5月30日,十六層,,
RPRNMLQJIIIGFAI97CC,29,169.18,住家用,鋼筋混凝土造,84年1月13日,八層,,
RPRNMLQJIIIGFAI97CC,29,38.76,共有部份,鋼筋混凝土造,84年1月13日,八層,,
RPQNMLQJIIIGFAI87CC,35,37.40,住家用,鋼筋混凝土造,78年1月17日,七層,,
RPQNMLQJIIIGFAI87CC,35,5.82,共有部份,鋼筋混凝土造,78年1月17日,七層,,
RPOOMLQJIIIGFAI77CC,30,90.03,住家用,鋼筋混凝土造,82年12月20日,十二層,,
RPUNMLQJIIIGFAI28CC,27,57.58,住家用,鋼筋混凝土造,85年6月18日,九層,,
RPUNMLQJIIIGFAI28CC,27,28.43,共有部份,鋼筋混凝土造,85年6月18日,九層,,
RPOOMLQJIIIGFAI77CC,30,59.38,共有部份,鋼筋混凝土造,82年12月20日,十二層,,
RPXNMLQJIIIGFAI58CC,32,63.33,住家用,鋼筋混凝土造,80年6月27日,十五層,,
RPXNMLQJIIIGFAI58CC,32,10.02,共有部份,鋼筋混凝土造,80年6月27日,十五層,,
RPWNMLQJIIIGFAI48CC,25,59.97,住家用,鋼筋混凝土造,87年3月19日,二十二層,,
RPWNMLQJIIIGFAI48CC,25,11.52,共有部份,鋼筋混凝土造,87年3月19日,二十二層,,
RPWNMLQJIIIGFAI48CC,25,12.92,共有部份,鋼筋混凝土造,87年3月19日,二十二層,,
RPRNMLLKIIIGFAI57CC,37,129.56,見其他登記事項,加強磚造,76年3月24日,二層,,
RPXNMLLKIIIGFAI18CC,27,24.83,住家用,鋼筋混凝土造,85年11月18日,八層,,
RPXNMLLKIIIGFAI18CC,27,7.45,共有部份,鋼筋混凝土造,85年11月18日,八層,,
RPQOMLQJIIIGFAI97CC,37,107.97,住家用,加強磚造,76年3月24日,二層,,
RPVNMLLKIIIGFAI97CC,31,34.23,住家用,鋼筋混凝土造,82年1月11日,七層,,
RPPNMLMKIIIGFAI47CC,41,33.60,住商用,鋼筋混凝土加強磚造,71年4月30日,二層,,
RPRNMLMKIIIGFAI67CC,19,128.94,住家用,鋼筋混凝土造,93年10月29日,十四層,,
RPRNMLMKIIIGFAI67CC,19,85.04,共有部份,鋼筋混凝土造,93年10月29日,十四層,,
RPOOMLLKIIIGFAI37CC,34,111.04,住家用,鋼筋混凝土造,78年7月11日,五層,,
RPOOMLLKIIIGFAI37CC,34,33.20,共有部份,鋼筋混凝土造,78年7月11日,五層,,
RPWNMLLKIIIGFAI08CC,20,269.30,店舖，住宅，停車空間,鋼筋混凝土造,92年10月31日,四層,,
RPPNMLQKIIIGFAI87CC,29,151.40,住家用,鋼筋混凝土造,84年1月13日,八層,,
RPPNMLQKIIIGFAI87CC,29,42.92,共有部份,鋼筋混凝土造,84年1月13日,八層,,
RPSNMLMKIIIGFAI77CC,41,74.98,集合住宅,鋼筋混凝土造,71年5月3日,五層,,
RPSNMLMKIIIGFAI77CC,41,8.20,共有部份,鋼筋混凝土造,71年5月3日,五層,,
RPVNMLQKIIIGFAI48CC,45,66.60,住商用,鋼筋混凝土造,67年8月30日,四層,,
RPTNMLQKIIIGFAI28CC,32,50.09,住家用,鋼筋混凝土造,80年8月13日,七層,,
RPTNMLQKIIIGFAI28CC,32,8.60,共有部份,鋼筋混凝土造,80年8月13日,七層,,
RPQNMLTKIIIGFAI28CC,30,34.87,住家用,鋼筋混凝土造,82年6月9日,十六層,,
RPQNMLTKIIIGFAI28CC,30,5.74,共有部份,鋼筋混凝土造,82年6月9日,十六層,,
RPQNMLTKIIIGFAI28CC,30,7.51,共有部份,鋼筋混凝土造,82年6月9日,十六層,,
RPPNMLRKIIIGFAI97CC,28,33.52,住家用,鋼筋混凝土造,84年10月13日,十二層,,
RPQNMLRKIIIGFAI08CC,76,52.56,住商用,木造,36年10月16日,一層,,
RPQNMLQKIIIGFAI97CC,24,89.46,住家用,鋼筋混凝土造,88年4月21日,十四層,,
RPQNMLQKIIIGFAI97CC,24,34.08,共有部份,鋼筋混凝土造,88年4月21日,十四層,,
RPPNMLKLIIIGFAI37CC,30,28.72,住家用,鋼筋混凝土造,82年6月9日,十六層,,
RPPNMLKLIIIGFAI37CC,30,4.66,共有部份,鋼筋混凝土造,82年6月9日,十六層,,
RPPNMLKLIIIGFAI37CC,30,7.52,共有部份,鋼筋混凝土造,82年6月9日,十六層,,
RPSNMLTKIIIGFAI48CC,30,76.25,住家用,鋼筋混凝土造,82年12月20日,十二層,,
RPSNMLRKIIIGFAI28CC,38,73.19,住家用,鋼筋混凝土造,74年9月19日,五層,,
RPSNMLTKIIIGFAI48CC,30,17.22,共有部份,鋼筋混凝土造,82年12月20日,十二層,,
RPSNMLRKIIIGFAI28CC,38,5.34,共有部份,鋼筋混凝土造,74年9月19日,五層,,
RPSNMLRKIIIGFAI28CC,38,8.08,共有部份,鋼筋混凝土造,74年9月19日,五層,,
RPRNMLQKIIIGFAI08CC,30,41.14,住家用,鋼筋混凝土造,82年6月9日,十六層,,
RPRNMLQKIIIGFAI08CC,30,6.70,共有部份,鋼筋混凝土造,82年6月9日,十六層,,
RPRNMLQKIIIGFAI08CC,30,11.51,共有部份,鋼筋混凝土造,82年6月9日,十六層,,
RPRNMLKLIIIGFAI57CC,28,100.54,住家用,鋼筋混凝土造,85年3月11日,二十層,,
RPRNMLKLIIIGFAI57CC,28,28.61,共有部份,鋼筋混凝土造,85年3月11日,二十層,,
RPTNMLKLIIIGFAI77CC,42,858.72,住商用,鋼筋混凝土造,70年4月21日,六層,,
RPUNMLOLIIIGFAI28CC,41,22.40,住商用,鋼筋混凝土加強磚造,71年4月30日,二層,,
RPSNMLNLIIIGFAI97CC,1,39.67,集合住宅、停車空間、店舖、樓梯間,鋼筋混凝土構造,111年10月20日,四層,,
RPWNMLOLIIIGFAI48CC,29,90.10,住家用,鋼筋混凝土造,83年5月30日,十二層,,
RPPNMLOLIIIGFAI77CC,30,27.48,住家用,鋼筋混凝土造,83年3月19日,七層,,
RPWNMLOLIIIGFAI48CC,29,19.66,共有部份,鋼筋混凝土造,83年5月30日,十二層,,
RPPNMLOLIIIGFAI77CC,30,12.66,共有部份,鋼筋混凝土造,83年3月19日,七層,,
RPTNMLOLIIIGFAI18CC,28,37.24,住家用,鋼筋混凝土造,85年3月11日,二十層,,
RPTNMLOLIIIGFAI18CC,28,9.04,共有部份,鋼筋混凝土造,85年3月11日,二十層,,
RPQNMLOLIIIGFAI87CC,31,32.24,住家用,鋼筋混凝土造,82年1月11日,六層,,
RPRNMLOLIIIGFAI97CC,30,87.45,住家用,鋼筋混凝土造,82年12月20日,十二層,,
RPQNMLOLIIIGFAI87CC,31,8.50,共有部份,鋼筋混凝土造,82年1月11日,六層,,
RPVNMLOLIIIGFAI38CC,31,72.28,住家用,鋼筋混凝土造,81年9月3日,六層,,
RPRNMLOLIIIGFAI97CC,30,23.70,共有部份,鋼筋混凝土造,82年12月20日,十二層,,
RPVNMLOLIIIGFAI38CC,31,13.58,共有部份,鋼筋混凝土造,81年9月3日,六層,,
RPVNMLOLIIIGFAI38CC,31,10.40,共有部份,鋼筋混凝土造,81年9月3日,六層,,
RPQNMLOLIIIGFAI87CC,31,10.09,共有部份,鋼筋混凝土造,82年1月11日,六層,,
RPRNMLNLIIIGFAI87CC,32,124.10,住家用,鋼筋混凝土造,80年8月5日,五層,,
RPRNMLNLIIIGFAI87CC,32,57.65,共有部份,鋼筋混凝土造,80年8月5日,五層,,
RPTNMLPLIIIGFAI28CC,40,63.03,住家用,鋼筋混凝土造,72年5月7日,五層,,
RPTNMLPLIIIGFAI28CC,40,6.80,共有部份,鋼筋混凝土造,72年5月7日,五層,,
RPSNMLPLIIIGFAI18CC,51,90.34,住家用,鋼筋混凝土加強磚造,61年7月1日,二層,,
RPVNMLPLIIIGFAI48CC,26,50.14,店舖、門廊、集合住宅,鋼筋混凝土造,86年11月20日,十二層,,
RPSNMLPLIIIGFAI18CC,51,6.85,住家用,鋼筋混凝土加強磚造,61年7月1日,二層,,
RPROMLOLIIIGFAI08CC,31,30.45,住家用,鋼筋混凝土造,81年9月3日,七層,,
RPVNMLPLIIIGFAI48CC,26,27.59,共有部份,鋼筋混凝土造,86年11月20日,十二層,,
RPROMLOLIIIGFAI08CC,31,4.49,共有部份,鋼筋混凝土造,81年9月3日,七層,,
RPPNMLQLIIIGFAI97CC,40,124.06,住商用,鋼筋混凝土加強磚造,72年8月15日,二層,,
RPROMLOLIIIGFAI08CC,31,11.14,共有部份,鋼筋混凝土造,81年9月3日,七層,,
RPSNMLRLIIIGFAI38CC,3,49.95,辦公室,鋼筋混凝土構造,110年3月12日,九層,,
RPSNMLRLIIIGFAI38CC,3,29.09,本共有部分之項目有樓梯、電梯、梯廳、停車空間、防空避難室兼停車空間、管理室、無障礙廁所等７項,鋼筋混凝土構造,110年3月12日,九層,,
RPSNMLRLIIIGFAI38CC,3,19.92,本共有部分之項目有樓梯、電梯、梯廳、水箱等４項,鋼筋混凝土構造,110年3月12日,九層,,
RPQNMLRLIIIGFAI18CC,24,54.98,住家用,鋼筋混凝土造,88年4月21日,十四層,,
RPQNMLRLIIIGFAI18CC,24,24.01,共有部份,鋼筋混凝土造,88年4月21日,十四層,,
RPOOMLOLIIIGFAI77CC,27,124.57,住家用,鋼筋混凝土造,85年9月20日,七層,,
RPOOMLOLIIIGFAI77CC,27,30.93,共有部份,鋼筋混凝土造,85年9月20日,七層,,
RPSNMLKMIIIGFAI77CC,32,152.30,住家用,鋼筋混凝土造,80年6月2日,三層,,
RPRNMLLMIIIGFAI77CC,30,22.39,住家用,鋼筋混凝土造,82年10月7日,六層,,
RPRNMLLMIIIGFAI77CC,30,8.68,共有部份,鋼筋混凝土造,82年10月7日,六層,,
RPVNMLKMIIIGFAI08CC,13,31.74,商業用,鋼筋混凝土構造,99年9月24日,一層,,
RPTNMLKMIIIGFAI87CC,28,101.94,住家用,鋼筋混凝土造,84年8月3日,十二層,,
RPTNMLKMIIIGFAI87CC,28,28.18,共有部份,鋼筋混凝土造,84年8月3日,十二層,,
RPQNMLLMIIIGFAI67CC,28,94.70,辦公室,鋼筋混凝土造,85年1月30日,十四層,,
RPQNMLLMIIIGFAI67CC,28,34.48,共有部份,鋼筋混凝土造,85年1月31日,十四層,,
RPTNMLRLIIIGFAI48CC,34,264.64,住家用,鋼筋混凝土造,78年7月20日,三層,,
RPRNMLKMIIIGFAI67CC,30,24.15,住家用,鋼筋混凝土造,83年3月22日,九層,,
RPRNMLKMIIIGFAI67CC,30,13.01,共有部份,鋼筋混凝土造,83年3月22日,九層,,
RPPNMLLMIIIGFAI57CC,33,23.37,住家用,鋼筋混凝土造,79年12月8日,八層,,
RPPNMLKMIIIGFAI47CC,30,22.65,住家用,鋼筋混凝土造,82年10月12日,七層,,
RPPNMLLMIIIGFAI57CC,33,5.78,住家用,鋼筋混凝土造,79年12月8日,八層,,
RPPNMLKMIIIGFAI47CC,30,13.60,共有部份,鋼筋混凝土造,82年10月12日,七層,,
RPUNMLKMIIIGFAI97CC,30,66.59,住家用,鋼筋混凝土造,82年6月23日,十二層,,
RPUNMLKMIIIGFAI97CC,30,8.03,共有部份,鋼筋混凝土造,82年6月23日,十二層,,
RPUNMLKMIIIGFAI97CC,30,10.93,共有部份,鋼筋混凝土造,82年6月23日,十三層,,
RPPNMLMJJIIGFAI47CC,24,82.44,住家用,鋼筋混凝土造,88年11月29日,十二層,,
RPPNMLMJJIIGFAI47CC,24,10.86,共有部份,鋼筋混凝土造,88年11月29日,十二層,,
RPPNMLMJJIIGFAI47CC,24,19.85,共有部份,鋼筋混凝土造,88年11月29日,十二層,,
RPRNMLLJJIIGFAI57CC,19,128.19,住家用,鋼筋混凝土造,93年10月28日,十四層,,
RPRNMLLJJIIGFAI57CC,19,83.39,共有部份,鋼筋混凝土造,93年10月28日,十四層,,
RPTNMLMJJIIGFAI87CC,28,101.61,住家用,鋼筋混凝土造,85年3月11日,二十層,,
RPTNMLMJJIIGFAI87CC,28,30.12,共有部份,鋼筋混凝土造,85年3月11日,二十層,,
RPUNMLRJJIIGFAI48CC,30,28.30,住家用,鋼筋混凝土造,82年6月9日,十六層,,
RPUNMLRJJIIGFAI48CC,30,4.66,共有部份,鋼筋混凝土造,82年6月9日,十六層,,
RPPNMLRJJIIGFAI97CC,45,89.61,住家用,鋼筋混凝土造,68年4月3日,五層,,
RPRNMLMJJIIGFAI67CC,3,77.11,店舖、機械室,鋼筋混凝土構造,110年4月20日,十層,,
RPRNMLQJJIIGFAI08CC,28,35.54,住家用,鋼筋混凝土造,85年1月30日,十四層,,
RPUNMLRJJIIGFAI48CC,30,6.11,共有部份,鋼筋混凝土造,82年6月9日,十六層,,
RPRNMLQJJIIGFAI08CC,28,9.07,共有部份,鋼筋混凝土造,85年1月31日,十四層,,
RPRNMLMJJIIGFAI67CC,3,12.73,本共有部分之項目有門廊、集合住宅、水箱、防空避難室兼停車空間、停車空間、電梯機械室及梯間等７項。,鋼筋混凝土構造,110年4月20日,十層,,
RPTNMLRJJIIGFAI38CC,30,21.92,住家用,鋼筋混凝土造,82年10月7日,六層,,
RPRNMLMJJIIGFAI67CC,3,18.02,本共有部分之項目有停車空間、防空避難室兼停車空間、管委會空間、集合住宅及門廊等５項。,鋼筋混凝土構造,110年4月20日,十層,,
RPTNMLRJJIIGFAI38CC,30,11.29,共有部份,鋼筋混凝土造,82年10月7日,六層,,
RPSNMLRJJIIGFAI28CC,32,34.39,住家用,鋼筋混凝土造,80年7月10日,六層,,
RPSNMLRJJIIGFAI28CC,32,9.89,共有部份,鋼筋混凝土造,80年7月10日,六層,,
RPQNMLQJJIIGFAI97CC,32,30.90,住家用,鋼筋混凝土造,80年7月10日,六層,,
RPPNMLQJJIIGFAI87CC,41,75.14,國民住宅,鋼筋混凝土造,71年5月3日,五層,,
RPQNMLQJJIIGFAI97CC,32,6.20,共有部份,鋼筋混凝土造,80年7月10日,六層,,
RPPNMLQJJIIGFAI87CC,41,9.86,共有部份,鋼筋混凝土造,71年5月3日,五層,,
RPRNMLRJJIIGFAI18CC,29,99.53,住家用,鋼筋混凝土造,83年11月25日,十六層,,
RPRNMLRJJIIGFAI18CC,29,19.24,共有部份,鋼筋混凝土造,83年11月25日,十六層,,
RPRNMLRJJIIGFAI18CC,29,7.68,共有部份,鋼筋混凝土造,83年11月25日,十六層,,
RPPNMLSJJIIGFAI08CC,39,94.77,住家用,鋼筋混凝土造,73年10月13日,五層,,
RPPNMLSJJIIGFAI08CC,39,8.04,共有部份,鋼筋混凝土造,73年10月13日,五層,,
RPPNMLSJJIIGFAI08CC,39,7.56,共有部份,鋼筋混凝土造,73年10月13日,五層,,
RPTNMLSJJIIGFAI48CC,35,91.15,住家用,鋼筋混凝土造,78年1月17日,七層,,
RPTNMLSJJIIGFAI48CC,35,14.18,共有部份,鋼筋混凝土造,78年1月17日,七層,,
RPWNMLRJJIIGFAI68CC,38,31.86,住家用,鋼筋混凝土造,74年11月29日,五層,,
RPWNMLRJJIIGFAI68CC,38,5.35,共有部份,鋼筋混凝土造,74年11月29日,五層,,
RPQNMLTJJIIGFAI28CC,29,34.01,住家用,鋼筋混凝土造,83年5月16日,十二層,,
RPWNMLRJJIIGFAI68CC,38,2.09,共有部份,鋼筋混凝土造,74年11月29日,五層,,
RPQNMLTJJIIGFAI28CC,29,5.35,共有部份,鋼筋混凝土造,83年5月16日,十二層,,
RPQNMLTJJIIGFAI28CC,29,.79,共有部份,鋼筋混凝土造,83年5月16日,十二層,,
RPUNMLKKJIIGFAI87CC,29,93.18,住家用,鋼筋混凝土造,83年7月23日,十一層,,
RPUNMLKKJIIGFAI87CC,29,20.50,共有部份,鋼筋混凝土造,83年7月23日,十一層,,
RPTNMLKKJIIGFAI77CC,32,25.71,住家用,鋼筋混凝土造,80年12月27日,六層,,
RPSNMLKKJIIGFAI67CC,29,113.17,住家用,鋼筋混凝土造,83年5月16日,十二層,,
RPTNMLKKJIIGFAI77CC,32,5.89,共有部份,鋼筋混凝土造,80年12月27日,六層,,
RPRNMLKKJIIGFAI57CC,26,22.36,住家用,鋼筋混凝土造,86年5月16日,七層,,
RPSNMLKKJIIGFAI67CC,29,12.82,共有部份,鋼筋混凝土造,83年5月16日,十二層,,
RPRNMLKKJIIGFAI57CC,26,6.28,共有部份,鋼筋混凝土造,86年5月16日,七層,,
RPSNMLKKJIIGFAI67CC,29,2.51,共有部份,鋼筋混凝土造,83年5月16日,十二層,,
RPRNMLKKJIIGFAI57CC,26,6.74,共有部份,鋼筋混凝土造,86年5月16日,七層,,
RPSNMLSJJIIGFAI38CC,33,349.30,住商用,鋼筋混凝土造,79年12月5日,五層,,
RPVNMLKKJIIGFAI97CC,29,22.75,住家用,鋼筋混凝土造,83年8月30日,七層,,
RPVNMLKKJIIGFAI97CC,29,7.71,共有部份,鋼筋混凝土造,83年8月30日,七層,,
RPOOMLKKJIIGFAI37CC,34,120.99,住家用,鋼筋混凝土造,78年6月6日,五層,,
RPOOMLKKJIIGFAI37CC,34,21.96,共有部份,鋼筋混凝土造,78年6月6日,五層,,
RPXNMLKKJIIGFAI18CC,28,124.85,辦公室,鋼筋混凝土造,85年1月30日,十四層,,
RPXNMLKKJIIGFAI18CC,28,38.84,共有部份,鋼筋混凝土造,85年1月31日,十四層,,
